Price,Close,High,Low,Open,Volume
Ticker,PETR4.SA,PETR4.SA,PETR4.SA,PETR4.SA,PETR4.SA
Date,,,,,
2016-01-04,1.7210114002227783,1.7610932614541228,1.6408479166661156,1.6458581343884071,45962100
2016-01-05,1.6734137535095215,1.7535773316748726,1.658383105000951,1.7335364669967788,29446700
2016-01-06,1.6032708883285522,1.6383424050412958,1.6032708883285522,1.6358373564311652,67507200
2016-01-07,1.5681990385055542,1.6107858114555742,1.5231069785715905,1.5506632241475726,57387900
2016-01-08,1.5707038640975952,1.615795798191445,1.5356323598023784,1.5982601057703096,52100300
2016-01-11,1.525612235069275,1.5782195617580754,1.515591803266929,1.5707041781798314,51334000
2016-01-12,1.3853262662887573,1.5331277160011192,1.3803160496790667,1.5331277160011192,81627800
2016-01-13,1.3201932907104492,1.4379334371795292,1.315183074253318,1.4279130042652664,70874300
2016-01-14,1.4254080057144165,1.4254080057144165,1.285121820545641,1.3302137702400014,76854200
2016-01-15,1.2951419353485107,1.3627799029850405,1.2926367679216597,1.3402338739552113,75571500
2016-01-18,1.202453374862671,1.305162891659251,1.202453374862671,1.3001526742411986,46407200
2016-01-19,1.1673815250396729,1.2650809264263376,1.1623713085162273,1.2600707099028923,66529300
2016-01-20,1.109763741493225,1.1272995553574057,1.0671769697424311,1.1272995553574057,92914100
2016-01-21,1.1272996664047241,1.1698865618036003,1.0922281546745203,1.0947332029287635,87455300
2016-01-22,1.1047536134719849,1.1949376184859126,1.1022485652662202,1.1849171867569173,100576600
2016-01-26,1.0521464347839355,1.0797026856312868,1.0321055685142204,1.0596618193615714,71933300
2016-01-27,1.144835114479065,1.1623708049883392,1.042125541061757,1.0571561841209631,79437900
2016-01-28,1.152350664138794,1.2851215568406138,1.0897229093545884,1.1698864784814382,131960900
2016-01-29,1.2124735116958618,1.2174837278824986,1.132309933256697,1.177401878936428,93013900
2016-02-01,1.182412028312683,1.2174836590904479,1.1673813806020563,1.1874222442162252,51910300
2016-02-02,1.0771974325180054,1.1648762655245959,1.0771974325180054,1.1423302355260865,53610300
2016-02-03,1.1247947216033936,1.132310106761425,1.057156732993089,1.1072590219896445,73786400
2016-02-04,1.1849170923233032,1.2375244144344002,1.0922280464905931,1.1423302011426095,91974200
2016-02-05,1.1373203992843628,1.1974431261844494,1.1348153503672356,1.1849175232398057,52704500
2016-02-10,1.079702615737915,1.1047536969534046,1.0721873510997568,1.0771975673428549,45747400
2016-02-11,1.059661865234375,1.0696822988030177,1.0321056131941126,1.0521464803313978,59451500
2016-02-12,1.1147741079330444,1.1298048758253378,1.077197546561237,1.094733243347287,64027200
2016-02-15,1.144835114479065,1.1523503762822016,1.1323095188699268,1.1423299475760642,28490400
2016-02-16,1.112269401550293,1.1623715784184545,1.1072591838634769,1.1273000546107415,80343900
2016-02-17,1.1723915338516235,1.2074631627551196,1.1298047606738866,1.1373200244010906,84473100
2016-02-18,1.1498457193374634,1.219988744102078,1.1398252872282326,1.17489679961054,65026900
2016-02-19,1.1172794103622437,1.14483566221461,1.1022487601117683,1.1272998438625605,56031000
2016-02-22,1.262575626373291,1.262575626373291,1.1598661386595304,1.1698865706582888,80150300
2016-02-23,1.2325142621994019,1.3226982646525929,1.2074631835882281,1.2400295260562715,85037400
2016-02-24,1.2199889421463013,1.2350195927501149,1.1648765565989845,1.1949378578066119,75039700
2016-02-25,1.2249990701675415,1.2725961866873252,1.1999479876447563,1.2049582041493132,70393700
2016-02-26,1.2199889421463013,1.277606495854083,1.2099685084104255,1.2575656283823315,61396800
2016-02-29,1.2876269817352295,1.3101730182804971,1.247545245168529,1.2725963305227166,84165000
2016-03-01,1.3302134275436401,1.3452440735694888,1.277606106726692,1.3302134275436401,80939200
2016-03-02,1.4153876304626465,1.4153876304626463,1.2901320900580404,1.305162740572234,88545800
2016-03-03,1.645857810974121,1.645857810974121,1.645857810974121,1.645857810974121,186772500
2016-03-04,1.8086899518966675,1.979037563392298,1.6458578448418324,1.6458578448418324,175922100
2016-03-07,1.8462663888931274,1.8863482376665912,1.7410517299738706,1.8162050919027615,85041400
2016-03-08,1.871317744255066,1.9640069360863721,1.7736184549766552,1.8462666597545752,137169400
2016-03-09,1.9038844108581543,1.9489764870784432,1.84376180183511,1.9289354979510895,84821900
2016-03-10,1.991562843322754,1.9940680112150317,1.8312358012593333,1.9539862805624215,117672300
2016-03-11,2.026634931564331,2.059201404749013,1.9214202455541323,1.9890582409245448,92331300
2016-03-14,1.853781819343567,2.054190590423452,1.853781819343567,2.036654893132587,86084700
2016-03-15,1.6558783054351807,1.7435571613019074,1.6433527034029367,1.710990691580468,104913200
2016-03-16,1.811194658279419,1.811194658279419,1.6057755812692898,1.6308267785398374,85533000
2016-03-17,2.0291390419006348,2.051684829512336,1.9314396732930423,2.0416643998273947,118294200
2016-03-18,2.0341498851776123,2.046675486615497,1.9339454320335008,2.0266346198772722,77182400
2016-03-21,2.0191192626953125,2.071726595215708,1.9865526765481831,2.024129359698892,65837300
2016-03-22,2.031644344329834,2.0491802786876585,1.936450244790085,1.9665115393815848,84549700
2016-03-23,1.948975920677185,1.9940678643400818,1.9189145054489496,1.9740270004899054,61437900
2016-03-24,1.956491470336914,2.0040885886517517,1.8337411016194285,1.886348436627776,52343300
2016-03-28,2.1143128871917725,2.1243333183573854,1.9815421145209167,2.0416647015145957,69818700
2016-03-29,2.126838445663452,2.217022563354797,2.0516850938893048,2.089261889229338,89050200
2016-03-30,2.1143128871917725,2.2545991624162807,2.0742311625293195,2.17944580922122,90059600
2016-03-31,2.0817465782165527,2.0817465782165527,2.0817465782165527,2.0817465782165527,737700
2016-04-01,2.0942723751068115,2.0942723751068115,2.0942723751068115,2.0942723751068115,374500
2016-04-04,1.8888533115386963,1.8888533115386963,1.8888533115386963,1.8888533115386963,865300
2016-04-05,1.9539860486984253,1.9539860486984253,1.9539860486984253,1.9539860486984253,684100
2016-04-06,1.8988739252090454,1.8988739252090454,1.8988739252090454,1.8988739252090454,457400
2016-04-07,1.9289354085922241,1.928935408592224,1.928935408592224,1.928935408592224,324800
2016-04-08,2.0692214965820312,2.0892623630796705,2.014108994260537,2.0366550287968743,84448200
2016-04-11,2.10178804397583,2.10178804397583,2.10178804397583,2.10178804397583,449600
2016-04-12,2.264620065689087,2.264620065689087,2.264620065689087,2.264620065689087,648900
2016-04-13,2.377350091934204,2.377350091934204,2.377350091934204,2.377350091934204,782300
2016-04-14,2.2946810722351074,2.447492958473408,2.2846606402609515,2.4374722875933097,77355500
2016-04-15,2.4274518489837646,2.462523480250413,2.272135034355937,2.3172270975693507,95590000
2016-04-18,2.3147222995758057,2.434967741049162,2.2270435657635894,2.4174318031619344,88873100
2016-04-19,2.4074108600616455,2.4074108600616455,2.4074108600616455,2.4074108600616455,370500
2016-04-20,2.374845027923584,2.4149270031632426,2.339773628084624,2.354804159756752,53295800
2016-04-22,2.4424829483032227,2.4875750176448865,2.327247845801396,2.334763111056348,63322900
2016-04-25,2.3372678756713867,2.480059085397994,2.3372678756713867,2.432462095124436,56585400
2016-04-26,2.4224419593811035,2.4399776570593033,2.3397733290325,2.3748447243888995,40460400
2016-04-27,2.5677378177642822,2.5802634158760225,2.4474926492657687,2.4675335106821876,86397900
2016-04-28,2.5627286434173584,2.6403871957509244,2.5251520709725495,2.5627286434173584,57741500
2016-04-29,2.5627286434173584,2.6403871957509244,2.507616369019108,2.5627286434173584,53931300
2016-05-02,2.5476973056793213,2.5952942983431733,2.4875747131862624,2.5677381698436745,48618800
2016-05-03,2.449998140335083,2.5276566753351926,2.432462442295625,2.5076158093169645,47074700
2016-05-04,2.485069751739502,2.5426871812686924,2.467534053866438,2.467534053866438,43389500
2016-05-05,2.4575138092041016,2.580264181530466,2.404906472649091,2.575253845236663,65074500
2016-05-06,2.525151252746582,2.5376768524715163,2.399895733309129,2.4124213330340627,45330900
2016-05-09,2.374845027923584,2.5176365122447573,2.2145180825889246,2.507616078161341,94688100
2016-05-10,2.5577175617218018,2.5577175617218018,2.4349672174371753,2.4600181764654643,53055800
2016-05-11,2.5677378177642822,2.63036556941707,2.5026048987079643,2.602809444695972,74542300
2016-05-12,2.4525036811828613,2.6228513071427506,2.4525036811828613,2.60531536753123,67229100
2016-05-13,2.3698341846466064,2.5201408875085742,2.35229849024488,2.487574427258284,70472200
2016-05-16,2.4424829483032227,2.467534151027697,2.3848655165052968,2.392380781760249,61487700
2016-05-17,2.379854917526245,2.4750491428960086,2.369834485324478,2.4625235429173125,46379500
2016-05-18,2.3347630500793457,2.4174316824426896,2.3222376879502087,2.3322581209970994,51929100
2016-05-19,2.2445790767669678,2.317227273627148,2.1669205440997596,2.317227273627148,75430200
2016-05-20,2.229548215866089,2.369834506872341,2.229548215866089,2.304701577515654,65173100
2016-05-23,2.1293437480926514,2.171930642166979,2.1093028848701363,2.1418693473332064,51330000
2016-05-24,2.13685941696167,2.2170231239468934,2.116818549941859,2.1769411510012917,44823400
2016-05-25,2.171931028366089,2.239568894042533,2.151890161580033,2.1744361964408405,45512600
2016-05-27,2.061706304550171,2.14688011951104,2.061706304550171,2.129344418397688,47488600
2016-05-30,2.099282741546631,2.1594053394706187,2.0191192776479805,2.049180576609974,32281900
2016-05-31,2.0141091346740723,2.1468799442035373,2.0141091346740723,2.0942726062532224,58662600
2016-06-01,2.0491809844970703,2.0667166859888693,1.9690173851889647,2.02663494606132,45884400
2016-06-02,2.084251642227173,2.1067976726012727,2.011603454858368,2.051685180454132,52835100
2016-06-03,2.1468796730041504,2.1719308741610974,2.11681837495939,2.13184914343475,45595300
2016-06-06,2.11932373046875,2.199487199017891,2.1168185623500944,2.1794463318806057,37117600
2016-06-07,2.15940523147583,2.184456432144297,2.1017878044066927,2.1093030690448504,34401600
2016-06-08,2.352299213409424,2.3573093109619148,2.2044976325680725,2.2044976325680725,77194700
2016-06-09,2.2996914386749268,2.34979359922108,2.2671249745934405,2.32474239949503,46539900
2016-06-10,2.19948673248291,2.252094057286195,2.1994867324829097,2.24708396101756,38859900
2016-06-13,2.15940523147583,2.2145177296028846,2.134354269713318,2.149384798989634,37094100
2016-06-14,2.0792417526245117,2.1969820124430415,2.066716152404506,2.1543951150385934,66180300
2016-06-15,2.1318492889404297,2.1769411196322555,2.071726688747345,2.0792419540449862,84556900
2016-06-16,2.1293437480926514,2.1393641797039087,2.074231254777768,2.106797717240838,46834500
2016-06-17,2.2420742511749268,2.2420742511749268,2.186961743413052,2.1919720799850397,63144100
2016-06-20,2.2996914386749268,2.3472884314672857,2.2846606710581074,2.3097118707841573,63791500
2016-06-21,2.3873696327209473,2.389874799921546,2.2395681125681333,2.2771449038594334,53703900
2016-06-22,2.339773416519165,2.4424829163135486,2.339773416519165,2.4074112807398196,61983000
2016-06-23,2.4224419593811035,2.429957224256623,2.382360228170382,2.4024010937757425,48031300
2016-06-24,2.317227840423584,2.337268710741793,2.2345591906344673,2.254600060952676,75974900
2016-06-27,2.19948673248291,2.339773011593647,2.1994867324829097,2.3097117172640456,58818400
2016-06-28,2.304701328277588,2.32474219069606,2.27213486712109,2.279650369707461,45291700
2016-06-29,2.379854917526245,2.397390614152851,2.334762853165318,2.3623192208996397,56093600
2016-06-30,2.359814405441284,2.3773501046859566,2.3147223343481436,2.359814405441284,43741300
2016-07-01,2.4600181579589844,2.467533660626269,2.347288245914916,2.3748443723105104,49290800
2016-07-04,2.472543478012085,2.5176355333072156,2.4525026176377827,2.4925843383863873,24505100
2016-07-05,2.3272476196289062,2.4224418462621364,2.3122168516737847,2.4174315106417787,69691200
2016-07-06,2.379854917526245,2.384865253080103,2.2420737955724834,2.2771454277316434,68781500
2016-07-07,2.394885778427124,2.5001002011848534,2.384865345835628,2.419936740452885,81610300
2016-07-08,2.4650285243988037,2.4900794835570124,2.422441631033326,2.467533691986404,42647600
2016-07-11,2.595294237136841,2.5977994048247903,2.500100015148212,2.5051103505241112,66717300
2016-07-12,2.667942762374878,2.705519565689407,2.6504070641716795,2.657922329272197,58174200
2016-07-13,2.6629321575164795,2.662932157516479,2.5577175105473673,2.622850432748422,64252100
2016-07-14,2.738086700439453,2.750612065691527,2.6704485813293197,2.7355815318266274,53059500
2016-07-15,2.760632038116455,2.770652471113543,2.7105296342250456,2.7330756681949864,51223500
2016-07-18,2.893402338027954,2.940999326861458,2.7230547674336596,2.7481059650760886,77358900
2016-07-19,2.9510207176208496,2.998617960835866,2.8808776758843044,2.8833828442442537,53692000
2016-07-20,2.961040496826172,2.981081361458373,2.8908974706134676,2.961040496826172,49261200
2016-07-21,2.9685559272766113,3.0036273200679444,2.9384943921612603,2.9485150631370076,37748600
2016-07-22,2.9911022186279297,2.998617723111964,2.935989952514255,2.966051253732437,33938400
2016-07-25,3.0136473178863525,3.068759805781803,2.9835860260086275,3.001121719877489,47192000
2016-07-26,2.976071357727051,3.0236683529889916,2.968556092981683,2.993607055101562,38304800
2016-07-27,2.8833823204040527,3.0161531135820874,2.8833823204040527,3.003627512963942,51952100
2016-07-28,2.865846872329712,2.893403246166556,2.793198663052034,2.85582643790886,40663100
2016-07-29,2.973567008972168,3.001123146566715,2.9084340594875755,2.946010871377621,60740000
2016-08-01,2.8182497024536133,2.998617750304321,2.8107344368074134,2.988597316474059,52012300
2016-08-02,2.845806121826172,2.9109390677231577,2.780673414835198,2.8382908554245234,49134600
2016-08-03,2.9810807704925537,2.9810807704925537,2.838289578568384,2.900917327855252,55695500
2016-08-04,3.0086381435394287,3.0361942764743417,2.973566506153734,2.9885972761493127,63207500
2016-08-05,2.9184539318084717,3.0487198056449594,2.9184539318084717,3.0361942040982233,54225900
2016-08-08,2.983586072921753,2.9986168385499106,2.930978751582073,2.9535247805713523,41552000
2016-08-09,2.976071357727051,3.0236683529889916,2.9435048919558455,2.986091790356194,33596200
2016-08-10,2.8959078788757324,2.9986173724189813,2.8959078788757324,2.9936070366822585,41638400
2016-08-11,3.0311837196350098,3.0311837196350098,2.9059281979791156,2.9134434623848042,55881500
2016-08-12,3.0061323642730713,3.1163571125111393,3.0011220289911007,3.018657963572063,71281300
2016-08-15,3.0837905406951904,3.0988210670325445,3.02366771862805,3.053729010208666,53568000
2016-08-16,3.1288833618164062,3.146419300040352,3.0412046263206185,3.083791529440796,48218700
2016-08-17,3.196521043777466,3.1965210437774663,3.0862960483887516,3.123872849096431,46809100
2016-08-18,3.2265825271606445,3.264159091130384,3.2015313252435065,3.206541661189321,44941100
2016-08-19,3.2040367126464844,3.236603181806708,3.1814906771581772,3.211551978173926,33360000
2016-08-22,3.0938119888305664,3.1639550255899334,3.081286386825611,3.1639550255899334,43258900
2016-08-23,3.1739749908447266,3.221571984749717,3.1113472289715567,3.1263777580337844,61048000
2016-08-24,3.106337308883667,3.1839958491134515,3.098822043347231,3.131388512546432,44694700
2016-08-25,3.138904094696045,3.166460469285824,3.093812258023148,3.1113479590122743,40290500
2016-08-26,3.143913984298706,3.2315927156787176,3.118862781672432,3.1789853812883213,50650500
2016-08-29,3.2240777015686035,3.24662373790711,3.1188630245929017,3.131388626881627,36990100
2016-08-30,3.2791898250579834,3.314261220680444,3.249128526421889,3.266664224233119,51893700
2016-08-31,3.2190678119659424,3.3117568926411365,3.1839961710728923,3.2892108548460337,61016100
2016-09-01,3.2566440105438232,3.279190045764853,3.196521409225065,3.249128745105474,45370000
2016-09-02,3.3994345664978027,3.4019397341100586,3.294219915842363,3.311755850222225,57017000
2016-09-05,3.464566707611084,3.489617900257482,3.439515514964687,3.454546278333701,26292200
2016-09-06,3.5021440982818604,3.5021440982818604,3.389414182126673,3.4294959088568784,42086900
2016-09-08,3.562267303466797,3.579803001036588,3.497134371199056,3.5246905015095797,42797300
2016-09-09,3.3844053745269775,3.512166106310513,3.3844053745269775,3.497135333609968,43155300
2016-09-12,3.4946296215057373,3.4946296215057377,3.3242822445270352,3.3368076077724473,44141000
2016-09-13,3.2591495513916016,3.4695789189790145,3.2416136114886456,3.4320021096778293,64134000
2016-09-14,3.284200429916382,3.3468282048195577,3.249129028870444,3.29422086434465,43932500
2016-09-15,3.3844053745269775,3.396930978626427,3.2967263847368584,3.309251988836308,42169100
2016-09-16,3.296724796295166,3.3618577151048665,3.2967247962951656,3.3418168537643296,44651900
2016-09-19,3.269169569015503,3.39191993814587,3.2616543036764543,3.361858637883697,51105500
2016-09-20,3.3819000720977783,3.4144665459052197,3.33931316318851,3.3693744684939904,52063100
2016-09-21,3.421980857849121,3.429496122352396,3.3568479284048656,3.40695032884257,61094100
2016-09-22,3.507155179977417,3.529701215787944,3.467073444716919,3.4795990467123215,47574500
2016-09-23,3.4294962882995605,3.5021444857624067,3.3919197250589703,3.5021444857624067,53264300
2016-09-26,3.3568480014801025,3.4294961970091125,3.3543430725284487,3.4044452351508765,35545800
2016-09-27,3.2867045402526855,3.3568475586713737,3.224076785509519,3.3568475586713737,58098200
2016-09-28,3.4695777893066406,3.469577789306641,3.286704616957628,3.3317966778749604,69032100
2016-09-29,3.3643639087677,3.482103945332409,3.3643639087676998,3.457052980468124,53143200
2016-09-30,3.3994345664978027,3.4495369631191988,3.366868104256268,3.3894141349547096,39275000
2016-10-03,3.4996397495269775,3.499639749526977,3.4119607785943895,3.4244863799998986,34444500
2016-10-04,3.5121657848358154,3.5372167518357283,3.464568541395772,3.5021451113486437,39717400
2016-10-05,3.652451276779175,3.667482045666902,3.5472366112829876,3.5547518762738677,65242200
2016-10-06,3.782717227935791,3.782717227935791,3.6624717908875177,3.685017825265692,77003800
2016-10-07,3.822798013687134,3.8528593057760894,3.750149831412347,3.8152825114854605,71691000
2016-10-10,3.9405388832092285,3.950559555020199,3.885426621684683,3.8879317896374257,38724300
2016-10-11,3.8553659915924072,3.923003865704902,3.8303147855323685,3.9104782626748826,69314500
2016-10-13,3.948054552078247,3.96308508261098,3.7651813452861758,3.8052630785814308,58212500
2016-10-14,4.073310375213623,4.0808258799157455,4.003167098096429,4.0106826027985525,66150000
2016-10-17,4.233636856079102,4.233636856079102,4.025712693542913,4.068299593234033,75002000
2016-10-18,4.363903045654297,4.419015311405433,4.30378044361343,4.311295470236059,76995000
2016-10-19,4.414005279541016,4.456592180706935,4.343862007675987,4.439056004381716,65212400
2016-10-20,4.444064617156982,4.444064617156982,4.313798796127195,4.336344821990495,62901500
2016-10-21,4.496673583984375,4.531744978438342,4.378933083497061,4.421519981539127,47961800
2016-10-24,4.559301376342773,4.6169188041184706,4.509198974391436,4.574331905803408,51678900
2016-10-25,4.5091986656188965,4.581847095692461,4.436550235545332,4.564310921741961,57674100
2016-10-26,4.534250736236572,4.571827303442195,4.4115003618651505,4.434046397750919,51424400
2016-10-27,4.531744956970215,4.631949281943935,4.531744956970215,4.536755292671878,43645900
2016-10-28,4.531744956970215,4.581847358363031,4.49667356268239,4.5066937562738065,37689700
2016-10-31,4.4315409660339355,4.551786165066155,4.411500099528566,4.516714768134745,42059100
2016-11-01,4.2236175537109375,4.479138527989409,4.148463932489713,4.479138527989409,68718800
2016-11-03,4.04074239730835,4.266202689464265,4.04074239730835,4.165997902811932,56998700
2016-11-04,4.005671501159668,4.153473054050867,3.985630636927568,4.125916686552269,61347700
2016-11-07,4.311295509338379,4.311295509338379,4.1860399678308795,4.1860399678308795,51625300
2016-11-08,4.268709182739258,4.378933717792763,4.191050401182309,4.283739714280738,56241000
2016-11-09,4.171009063720703,4.283739232123396,3.9605799734829263,3.970600406351392,111417100
2016-11-10,3.882920503616333,4.3037790604581865,3.882920503616333,4.283738199551994,94683900
2016-11-11,3.5096607208251953,3.872901783826094,3.492124780607212,3.8027587396721994,129811400
2016-11-14,3.507155179977417,3.5522472515984713,3.3393127343945905,3.4570530109017943,86623000
2016-11-16,3.692532777786255,3.747645275054902,3.552246725164547,3.644935783944663,77406600
2016-11-17,3.5798027515411377,3.8378290558112447,3.5798027515411373,3.7952421599047486,51535300
2016-11-18,3.6374197006225586,3.68000634925965,3.5597611883659614,3.5998429086638577,55041300
2016-11-21,3.9029624462127686,3.9029624462127686,3.7276047452309546,3.7701916461858773,59122000
2016-11-22,3.990640640258789,4.028217197839629,3.820293069559675,3.9906406402587895,58636100
2016-11-23,3.9706013202667236,4.005672723925773,3.8904375999617105,3.9380348462218775,42490100
2016-11-24,3.9029624462127686,3.983125912054518,3.9029624462127686,3.983125912054518,14725000
2016-11-25,3.8328189849853516,3.887931481041429,3.7701912245735185,3.8202933851217953,47630600
2016-11-28,3.872901439666748,3.8979526440914376,3.8077684992873486,3.8077684992873486,38747500
2016-11-29,3.672492504119873,3.8528605539936516,3.654956804446725,3.832819686108342,54075900
2016-11-30,4.008177280426025,4.055774519418435,3.910477873209487,3.9831260768609695,82547300
2016-12-01,3.8678908348083496,4.095856110316671,3.8403347029782333,4.008177139820703,66775400
2016-12-02,3.965590000152588,3.985630865534186,3.6950380785950543,3.7877271407114352,58381500
2016-12-05,3.9230024814605713,4.0307222950410395,3.895446355642603,4.010681432826895,47586500
2016-12-06,4.045753479003906,4.0582793185534936,3.9430439837568985,4.0081769159789875,63916700
2016-12-07,3.9731051921844482,4.090845453324621,3.950559398222503,4.083329949764684,50247400
2016-12-08,3.933023691177368,4.008177058811273,3.8879318617218,4.000661793719673,41104800
2016-12-09,3.9029624462127686,3.983125912054518,3.887931915820427,3.978115814892395,37161200
2016-12-12,3.9079720973968506,3.995650813068809,3.8779105640685967,3.9555690871723788,35436700
2016-12-13,3.8703956604003906,3.93051825484054,3.852859963415169,3.8954468608700963,33455000
2016-12-14,3.692532777786255,3.875405966443421,3.692532777786255,3.8653855341132988,44215700
2016-12-15,3.7200891971588135,3.735119726408232,3.5898233361654266,3.7025532611598853,43338800
2016-12-16,3.6975438594818115,3.7927381052789095,3.6975438594818115,3.7326152602608476,37876200
2016-12-19,3.5973377227783203,3.7301087192094906,3.5948327944521052,3.7276035519773787,39128600
2016-12-20,3.5948338508605957,3.654956448664039,3.5322060850888497,3.6223899817940155,31810000
2016-12-21,3.5923287868499756,3.6274001837972585,3.517175417967839,3.619884918580837,32856800
2016-12-22,3.5096607208251953,3.622390672941886,3.509660720825195,3.622390672941886,42240500
2016-12-23,3.567277193069458,3.5948335606844863,3.509659767885213,3.519680200043601,21776900
2016-12-26,3.6123692989349365,3.619884563413994,3.574792737633699,3.5873180987968114,5734300
2016-12-27,3.6098644733428955,3.644936109079753,3.572287908479526,3.6324105078233058,14949200
2016-12-28,3.7025527954101562,3.7100682979954342,3.5973381482755173,3.6148740820685736,18979900
2016-12-29,3.7250988483428955,3.7276040158867816,3.63742013446022,3.72008875216105,18090600
2017-01-02,3.672492504119873,3.6825129380625286,3.657461972658886,3.667482406601541,7525700
2017-01-03,3.882920503616333,3.920497058088967,3.74513940570683,3.74513940570683,39947800
2017-01-04,3.882920503616333,3.928012560108219,3.8353235186906027,3.870394905823486,37071700
2017-01-05,3.9455482959747314,3.9856300182168307,3.9129818369265483,3.9330226980475977,47586300
2017-01-06,3.9230024814605713,3.988135403109502,3.8829207570322826,3.953063774781788,25592000
2017-01-09,3.840334892272949,3.907972999516255,3.840334892272949,3.882921795595182,25599000
2017-01-10,3.8779118061065674,3.9280142184301003,3.855366007248187,3.9079733490630906,26239900
2017-01-11,3.9230024814605713,3.9280128164670685,3.825303337893098,3.9179923853599963,34399300
2017-01-12,3.983125686645508,4.0708046516275616,3.9831256866455074,4.045753450516701,49890300
2017-01-13,3.928014039993286,3.9956519113078763,3.9004576666859374,3.950560076733482,34450000
2017-01-16,3.9455482959747314,3.9455482959747314,3.9029614063660234,3.9330226980475977,20069600
2017-01-17,3.9630842208862305,4.000661016859394,3.938033262476712,3.940538191083517,28663300
2017-01-18,3.9555695056915283,3.9906411390146257,3.935528640622889,3.9580746735515975,24725200
2017-01-19,3.950559377670288,3.9781155071955014,3.902962144328792,3.9630847390597777,21677600
2017-01-20,4.008177280426025,4.055774519418435,3.960580280339599,3.9680955458467224,34863500
2017-01-23,4.005671501159668,4.030722700902767,3.955569340579418,3.993145901288119,25139100
2017-01-24,4.018197059631348,4.1158962062209445,4.000661125472091,4.038237922465416,49710600
2017-01-26,3.9580750465393066,4.055774452135058,3.958075046539306,4.045753779750487,37391900
2017-01-27,3.912982940673828,3.975610709069195,3.8929420738997886,3.940539072761638,23275300
2017-01-30,3.7175843715667725,3.8904369072841165,3.7175843715667725,3.885426810041718,26779500
2017-01-31,3.762676954269409,3.8503556986660223,3.7326154110926173,3.7551614490222067,30807200
2017-02-01,3.762676954269409,3.8603761334229496,3.7351205795083517,3.822799562810974,35977000
2017-02-02,3.730109453201294,3.8278086054194285,3.722593950026096,3.755160413734122,39306700
2017-02-03,3.842839241027832,3.8428392410278316,3.700048030281014,3.7376245892440916,40213400
2017-02-06,3.7476463317871094,3.8754070592006067,3.745141163271703,3.8528610203739873,29686500
2017-02-07,3.682511568069458,3.797746634992449,3.682511568069458,3.78271610912322,29163900
2017-02-08,3.782717227935791,3.782717227935791,3.574793060301916,3.7000485944864656,58912900
2017-02-09,3.7701919078826904,3.8177889093035424,3.7476458718232384,3.802758377867901,33910300
2017-02-10,3.9029624462127686,3.915488047477035,3.7927376806803625,3.807768211072704,44467000
2017-02-13,3.912982940673828,3.985631142456215,3.8954472419730375,3.950559745054634,36439100
2017-02-14,3.9630842208862305,3.995650681833936,3.897951537896743,3.9430433585962463,34417400
2017-02-15,3.9680962562561035,4.020703363130217,3.9530654836449104,3.985631958547475,47953300
2017-02-16,3.9731051921844482,4.025712522574231,3.945549062515878,3.968095095383779,37276900
2017-02-17,3.910477638244629,3.9831258375309733,3.907972709163421,3.9430441053600203,24866600
2017-02-20,3.988135814666748,4.003166343425477,3.920497718534629,3.943043750578669,33514000
2017-02-21,4.030723571777344,4.0657949723080415,4.018198208105522,4.033228740074107,33685800
2017-02-22,3.933023691177368,4.013187394809653,3.9004572239058097,4.008177058811273,45255400
2017-02-23,3.89795184135437,4.0332277917960315,3.877910738598252,3.9931458251897367,41208700
2017-02-24,3.8027572631835938,3.875405447576815,3.7827164012065615,3.8453441546112668,30412200
2017-03-01,3.8879318237304688,3.8954470887486323,3.837829419860133,3.8854266557557584,25661000
2017-03-02,3.7852213382720947,3.8703951213186567,3.7551600452390588,3.8678899538394234,38490800
2017-03-03,3.8378305435180664,3.842840880934437,3.767687492031141,3.812779573154326,24516800
2017-03-06,3.782717227935791,3.875406294563641,3.7676864587150174,3.785222157050943,23325000
2017-03-07,3.8027572631835938,3.8528594181261737,3.78772649724786,3.8027572631835938,30927300
2017-03-08,3.6449368000030518,3.8027588323762256,3.644936800003052,3.7977484953615126,49300700
2017-03-09,3.632410764694214,3.654956800768998,3.5497421250239967,3.5923290289639254,46467600
2017-03-10,3.584812641143799,3.7276038397137774,3.567276708071301,3.687522116529637,42454600
2017-03-13,3.5998432636260986,3.6073585271965216,3.547235940821295,3.589822832563561,28295100
2017-03-14,3.4044458866119385,3.5322066049263734,3.4044458866119385,3.5246910999154055,67172700
2017-03-15,3.5572571754455566,3.557257175445556,3.394425074170102,3.472083372720805,55593200
2017-03-16,3.434506893157959,3.587318564919643,3.426991627702396,3.572288034008517,35362300
2017-03-17,3.296724796295166,3.477092787265909,3.2691686716784054,3.4595570933194177,81797400
2017-03-20,3.4069507122039795,3.4244864109867805,3.2340979368370215,3.2516336356198225,52351600
2017-03-21,3.2566440105438232,3.4144660181850495,3.2115519401017645,3.409455681955496,46384300
2017-03-22,3.421980857849121,3.4370116257616226,3.2641588698446333,3.3067457668731115,62807700
2017-03-23,3.3994345664978027,3.462062323368615,3.361858007937688,3.3768885357993605,36467200
2017-03-24,3.376889228820801,3.4495376710499017,3.341817830675422,3.4320017330712305,30084700
2017-03-27,3.449537754058838,3.4545478515261765,3.261654440366901,3.316766707037558,32021200
2017-03-28,3.4946296215057373,3.534711357265432,3.449537788229076,3.4821040193543356,44850600
2017-03-29,3.6198842525482178,3.62990468396175,3.489618644172291,3.517174770833024,43051400
2017-03-30,3.6198842525482178,3.6674814809419454,3.5948332934673504,3.6449354505350144,32928600
2017-03-31,3.629904270172119,3.6699859912571493,3.5722868558388647,3.5973378120640573,33553000
2017-04-03,3.674996852874756,3.6950377162913184,3.6399252224428023,3.642430390096357,39427200
2017-04-04,3.7200891971588135,3.7301096296270773,3.6499459309750106,3.674997131598648,24132000
2017-04-05,3.649946689605713,3.797748278412199,3.6324109888679956,3.7701921431235,49920900
2017-04-06,3.639925718307495,3.725099518884026,3.612369587082252,3.662471752449044,34602700
2017-04-07,3.682511568069458,3.7326137191433886,3.6574606119854436,3.659965540359714,33024900
2017-04-10,3.742635488510132,3.7426354885101323,3.682512885708954,3.7326150547099357,37906000
2017-04-11,3.677502393722534,3.755160687616021,3.644935927639279,3.750150590706422,38593200
2017-04-12,3.669987440109253,3.7150795135844894,3.6524517399382153,3.6574620765047956,42628900
2017-04-13,3.527195692062378,3.680007352065937,3.527195692062378,3.6699869192608836,44572600
2017-04-17,3.5772979259490967,3.594833862879874,3.499639629919824,3.542226529899477,46459500
2017-04-18,3.5322062969207764,3.5998441637795078,3.4946294918606093,3.544731659701518,45349800
2017-04-19,3.4069507122039795,3.5772980805799937,3.394425110685131,3.5672776471461103,41014100
2017-04-20,3.4770944118499756,3.4821045100729955,3.41446663117308,3.4570535411458514,28227600
2017-04-24,3.5146708488464355,3.5472373222084013,3.4871147124198556,3.5397220557113367,27546200
2017-04-25,3.5923287868499756,3.5923287868499756,3.4570528184245193,3.4821037821145824,32268100
2017-04-26,3.507155179977417,3.62990555393919,3.5071551799774174,3.5472369152379155,37045000
2017-04-27,3.439517021179199,3.514670393123267,3.3969303572804104,3.5046499594577902,29078500
2017-04-28,3.4996397495269775,3.5322062176189104,3.4294964772185166,3.469578449497341,31061200
2017-05-02,3.5046498775482178,3.5923288492514223,3.4695784799917186,3.5221858152324454,37830100
2017-05-03,3.547236680984497,3.5697827153061223,3.494629347202694,3.5171753815243196,38357600
2017-05-04,3.4069507122039795,3.5071550465428114,3.4019403760340485,3.5071550465428114,37695400
2017-05-05,3.5597617626190186,3.5597617626190186,3.4219806476890255,3.4294959117307524,32788100
2017-05-08,3.527195692062378,3.594833792675962,3.5021444905967622,3.5397212927951855,36464300
2017-05-09,3.542227029800415,3.567277996384638,3.517175824310191,3.5447319592246367,28008600
2017-05-10,3.690028429031372,3.695038765761524,3.584813985664229,3.592329251853452,46271700
2017-05-11,3.712573766708374,3.737624967825132,3.6674819391665525,3.7276045351596205,29318000
2017-05-12,3.8703956604003906,3.9029621254486266,3.8453446988366387,3.8829212606352432,83518200
2017-05-15,3.928014039993286,3.9756110428512574,3.9204985351425568,3.950560076733482,46914700
2017-05-16,3.933023691177368,3.9530645573589465,3.8879318617218,3.9505596282657267,34469300
2017-05-17,3.910477638244629,3.9380340082916354,3.8854266750907676,3.8979522761206824,30023400
2017-05-18,3.2942206859588623,3.507155204661415,3.1188629735069893,3.1188629735069893,142924900
2017-05-19,3.4119606018066406,3.4821036315747254,3.3718788705105918,3.444527068211171,70983900
2017-05-22,3.3568480014801025,3.3844043701019055,3.256643676235247,3.344322640003963,55014900
2017-05-23,3.379394292831421,3.406950663560642,3.3518381610081738,3.369373859540606,48520100
2017-05-24,3.5196807384490967,3.52970117214031,3.429496596322189,3.444527366312001,54065800
2017-05-25,3.4420228004455566,3.5547527589236205,3.4144666626994606,3.4996404834314276,45030800
2017-05-26,3.4269912242889404,3.454547353652848,3.356847958607434,3.3743838944807876,63326900
2017-05-29,3.4269912242889404,3.4269912242889404,3.4269912242889404,3.4269912242889404,0
2017-05-30,3.346827507019043,3.416970772298323,3.3468275070190425,3.3944247398089793,34663800
2017-05-31,3.2466235160827637,3.3343024872072133,3.244118348014985,3.3092512843413773,45628800
2017-06-01,3.211552143096924,3.329292423967749,3.211552143096924,3.2967259531351383,42873400
2017-06-02,3.269169569015503,3.2691695690155034,3.176480500147309,3.2040366323278064,43192600
2017-06-05,3.3017356395721436,3.31676616843939,3.2366027107315456,3.246623142945026,31419400
2017-06-06,3.3017356395721436,3.339312200646208,3.2641588395921297,3.3142610006595326,35558700
2017-06-07,3.2240777015686035,3.341817980833031,3.2090471699469276,3.3267872103053624,44355600
2017-06-08,3.2165613174438477,3.2466226091416703,3.1839948583780626,3.2015305521419815,27749200
2017-06-09,3.2190678119659424,3.2816955885496686,3.2140574751643602,3.246623947656619,30382100
2017-06-12,3.231592893600464,3.2641593632452426,3.199026662861673,3.2491288319667215,30680700
2017-06-13,3.24161434173584,3.2616554545547927,3.199027663850494,3.244119510701467,22891000
2017-06-14,3.161449432373047,3.266664092819718,3.1589442645276606,3.241612892177766,67382800
2017-06-15,3.161449432373047,3.161449432373047,3.161449432373047,3.161449432373047,0
2017-06-16,3.0762758255004883,3.1539343611274364,3.058740127319487,3.151429193128445,73551400
2017-06-19,3.0787811279296875,3.123873198256531,3.061245428983017,3.083791464146439,45926200
2017-06-20,2.9710614681243896,3.038699577707804,2.9460105022426024,3.036194409447827,54014700
2017-06-21,2.9159491062164307,3.0361943119625994,2.9034235042247083,2.9936074085343347,58778300
2017-06-22,3.01615309715271,3.01615309715271,2.9359896358827777,2.9460100685415194,42284600
2017-06-23,2.9885976314544678,3.043709903876422,2.9735668596719265,3.0336894689900653,33601000
2017-06-26,3.0737709999084473,3.081286265252508,3.0161533285213706,3.031184098115471,42731300
2017-06-27,3.0587403774261475,3.126378246587734,3.0386995096074565,3.0913068473580188,45097600
2017-06-28,3.0261738300323486,3.0862964319494455,3.0086381308663577,3.0737710690628712,32077400
2017-06-29,3.05122447013855,3.0812857655455876,3.028678438856787,3.071265333743242,24380300
2017-06-30,3.0988218784332275,3.126378009870992,3.053729809802367,3.068760578981311,29687600
2017-07-03,3.0963165760040283,3.108842176625067,3.0612451809522714,3.07627571057275,31542500
2017-07-04,3.1138532161712646,3.113853216171264,3.0862968407960047,3.0913071777391483,12523500
2017-07-05,3.0587403774261475,3.136398919403069,3.0361943414036228,3.1013272812673645,41958400
2017-07-06,3.0487194061279297,3.096316399081042,3.0261733740795282,3.076275534794895,51976900
2017-07-07,2.9885976314544678,3.048720240772606,2.9685567616817545,3.03869980588625,42677000
2017-07-10,3.00112247467041,3.0086379787094506,2.9409998757939144,2.9635459100990933,21748800
2017-07-11,3.0888006687164307,3.1188619606105332,2.981080860249797,2.9936064582654844,45500900
2017-07-12,3.24161434173584,3.2541399476579125,3.1338947041805683,3.1664611840155312,66332200
2017-07-13,3.2240777015686035,3.2666646060066733,3.206542001707984,3.24662373790711,32983300
2017-07-14,3.269169569015503,3.271674737097179,3.2340979325899792,3.2466235340923792,35977500
2017-07-17,3.2290875911712646,3.2691693218234574,3.2240772553867605,3.2641589860389537,28118700
2017-07-18,3.24161434173584,3.2616554545547927,3.214058199832131,3.256645116623539,19300700
2017-07-19,3.314260959625244,3.3242816306206064,3.2491282704970117,3.256643534837587,36513700
2017-07-20,3.2816951274871826,3.3443228952720068,3.264159190051369,3.3292921258850203,30114300
2017-07-21,3.1789844036102295,3.266663346931068,3.173974307969385,3.256642916743478,38738300
2017-07-24,3.2265825271606445,3.236602960146306,3.1990263961765666,3.2140569262020753,16250400
2017-07-25,3.3117566108703613,3.319271876527313,3.259149273459727,3.259149273459727,29930100
2017-07-26,3.2716739177703857,3.3418169341495085,3.251632817041862,3.331796503238205,29333000
2017-07-27,3.2566440105438232,3.299230912871106,3.2566440105438237,3.269169612211727,21825900
2017-07-28,3.289210081100464,3.2892100811004634,3.2340975837776282,3.2516332806460957,20980200
2017-07-31,3.329291820526123,3.334302156164234,3.2741793230366607,3.3117561236046384,31397700
2017-08-01,3.2867045402526855,3.3368066962660343,3.276684109050016,3.3317966001176615,22999400
2017-08-02,3.3844053745269775,3.409456343819849,3.27668551374015,3.2892111178395997,46342000
2017-08-03,3.3343021869659424,3.4219809112892787,3.3343021869659424,3.3994348785214066,31300700
2017-08-04,3.3568480014801025,3.376888866529074,3.3217766070973815,3.359353169337713,21560500
2017-08-07,3.3944246768951416,3.4119603734369712,3.3393121805988883,3.344322516128524,29832200
2017-08-08,3.379394292831421,3.4294964592854944,3.371879027589803,3.381899460880618,28907900
2017-08-09,3.3869102001190186,3.409455998527471,3.3668690922459446,3.384405031771634,26980300
2017-08-10,3.3042409420013428,3.421981213000125,3.2942205086550196,3.406950682433628,56194400
2017-08-11,3.2441184520721436,3.3067462223395823,3.2416132839240097,3.2917156912627483,43025100
2017-08-14,3.2766847610473633,3.3117563966882515,3.2340978602355603,3.251633558603018,31607400
2017-08-15,3.2942206859588623,3.3167667219280723,3.269169720697731,3.2766849863854715,24737300
2017-08-16,3.289210081100464,3.3518378429517917,3.281694816571971,3.331796978271843,44946600
2017-08-17,3.269169569015503,3.3217769042008003,3.2616543036764543,3.286705267775276,23503300
2017-08-18,3.4069507122039795,3.4069507122039795,3.296725705525286,3.296725705525286,66263500
2017-08-21,3.3418173789978027,3.4219808369592415,3.326786611177058,3.4169707402896266,40485900
2017-08-22,3.4545466899871826,3.474587550930074,3.4169701354457374,3.4320006616999525,55240700
2017-08-23,3.4470319747924805,3.489618870792119,3.419475607436276,3.4520420713716438,47679700
2017-08-24,3.457052707672119,3.479598741505058,3.4269914088635227,3.4520423717510367,32300600
2017-08-25,3.4770944118499756,3.492124945425058,3.4595587097103726,3.4745892432854544,24185600
2017-08-28,3.4745891094207764,3.5146708492848058,3.447032972990759,3.4896198813227945,27208100
2017-08-29,3.4695777893066406,3.469577789306641,3.4269908959749227,3.4470317588479746,27306400
2017-08-30,3.3693735599517822,3.4821034841765273,3.3668683921253324,3.4545473548034416,58871700
2017-08-31,3.419475793838501,3.449537330575972,3.3743839665442112,3.3894144960069883,82909400
2017-09-01,3.5121657848358154,3.5547524526262673,3.4620633730239794,3.469578878139358,60260300
2017-09-04,3.5497424602508545,3.5522476286970757,3.4921247805178353,3.497135117410277,18139300
2017-09-05,3.6098644733428955,3.6699870726866752,3.564772404382074,3.6499462062387487,56476800
2017-09-06,3.762676954269409,3.762676954269409,3.634916231939077,3.6699876341353184,68418200
2017-09-07,3.762676954269409,3.762676954269409,3.762676954269409,3.762676954269409,0
2017-09-08,3.6850171089172363,3.795241852453887,3.6800067738489712,3.782716492595075,36337400
2017-09-11,3.755162000656128,3.7701927744525467,3.7100701570789596,3.727605860753078,34915900
2017-09-12,3.7250988483428955,3.7977470347741074,3.7225936807990094,3.7526549746078635,49702800
2017-09-13,3.7651820182800293,3.7827179589105833,3.7100697446011965,3.742635979545044,37010200
2017-09-14,3.767686128616333,3.82279862572263,3.7626760319190065,3.765180960814694,34413800
2017-09-15,3.767686128616333,3.8002525933197835,3.7551605285140903,3.775201393115298,47784700
2017-09-18,3.767686128616333,3.8052626900171096,3.7526553607124518,3.7626760319190065,47601200
2017-09-19,3.792739152908325,3.8002544210216986,3.737626629296102,3.7827187157884725,35822100
2017-09-20,3.9756100177764893,3.9781151854141314,3.775201145977901,3.8202932078317158,80267000
2017-09-21,3.9255077838897705,3.9981559716395587,3.9029617533974346,3.970599844874443,46258800
2017-09-22,3.930518388748169,3.9580747579848454,3.865385695338665,3.9079725942444727,40928300
2017-09-25,3.9680962562561035,3.998157562572465,3.933024612767336,3.9555706522311134,36733200
2017-09-26,3.89795184135437,3.9831253932646487,3.89795184135437,3.9731049613395606,37874200
2017-09-27,3.83532452583313,3.93803402467499,3.7852221215050292,3.9330236886797922,41819300
2017-09-28,3.842839241027832,3.8829209676300307,3.8127779460761824,3.85035450503926,33829000
2017-09-29,3.8328189849853516,3.887931481041429,3.832818984985351,3.8829211455336283,28638300
2017-10-02,3.8578708171844482,3.857870817184448,3.772697244467181,3.805263476999842,29826200
2017-10-03,4.003166198730469,4.003166198730469,3.887931352725573,3.9079722162834627,50636700
2017-10-04,3.9230024814605713,3.993145499210077,3.9204973139573225,3.9831250681030044,47798600
2017-10-05,3.983125686645508,4.0357332567595074,3.9706003249960364,3.978115589766911,55361300
2017-10-06,3.930518388748169,3.9505594931502803,3.89294182566938,3.923003123913604,41741300
2017-10-09,3.980621576309204,3.980621576309204,3.9054681964266234,3.910478294335591,27904700
2017-10-10,4.055773735046387,4.055773735046387,4.010681672912321,4.040742729127116,47066600
2017-10-11,4.0282182693481445,4.070805173351065,4.010682569666702,4.050764305456278,40422100
2017-10-12,4.0282182693481445,4.0282182693481445,4.0282182693481445,4.0282182693481445,0
2017-10-13,4.0282182693481445,4.0808258462044495,4.023207932921452,4.065794836924374,24210000
2017-10-16,4.038238525390625,4.0733099211335775,4.008176987745285,4.048258719397784,44699700
2017-10-17,4.04074239730835,4.0632884265239415,4.0257118704352335,4.043247564755842,25524800
2017-10-18,4.048257827758789,4.078319358783001,4.04074232554978,4.063288354364982,25706200
2017-10-19,4.045753479003906,4.0482586469138235,3.9831257146917345,4.0081769159789875,24672800
2017-10-20,4.063288688659668,4.105875582390776,4.050763328425993,4.055773663644209,32417500
2017-10-23,4.0582780838012695,4.08082411031886,4.038237224431388,4.08082411031886,29389900
2017-10-24,4.135936737060547,4.135936737060547,4.0382375983133265,4.080824488143724,46249500
2017-10-25,4.188544750213623,4.191049918150472,4.120907127166418,4.14094799284928,37608200
2017-10-26,4.191049575805664,4.231131303897323,4.173513879492049,4.203575414466737,37848300
2017-10-27,4.266203880310059,4.281234411378718,4.171009401980621,4.201070941929908,45640100
2017-10-30,4.20357608795166,4.301275256101674,4.193555415417318,4.251172849053892,55355600
2017-10-31,4.2010698318481445,4.246161890951062,4.188543994424089,4.233636053527007,32249000
2017-11-01,4.233636856079102,4.2837392596493356,4.2286265201596915,4.2561828899045135,38876600
2017-11-02,4.233636856079102,4.233636856079102,4.233636856079102,4.233636856079102,0
2017-11-03,4.243658065795898,4.261193765924528,4.178525124023854,4.24866792453837,32605400
2017-11-06,4.3664093017578125,4.36891447052688,4.253679096210227,4.27121479978161,46056100
2017-11-07,4.133432388305664,4.346366879629248,4.133432388305664,4.33634620812606,61098400
2017-11-08,4.2461628913879395,4.2461628913879395,4.135937885145384,4.181029954872427,41179600
2017-11-09,4.188544750213623,4.24365748920044,4.188544750213623,4.231131649516196,29399400
2017-11-10,4.188544750213623,4.211090783833334,4.135937656975583,4.186039582276774,35959400
2017-11-13,4.168503284454346,4.201069985133316,4.105875528484482,4.181029122335434,28697700
2017-11-14,3.8453445434570312,4.1685035352413715,3.8278086082744345,4.1685035352413715,88765600
2017-11-15,3.8453445434570312,3.8453445434570317,3.8453445434570317,3.8453445434570317,0
2017-11-16,3.9605798721313477,4.018197538830057,3.8779110044495546,3.91298263804468,42703800
2017-11-17,4.013187885284424,4.038239090526034,3.9605805454018412,3.9881366800428135,38376900
2017-11-20,4.013187885284424,4.013187885284424,4.013187885284424,4.013187885284424,0
2017-11-21,3.983125686645508,4.085835181169311,3.9706003249960364,4.045753450516701,45817800
2017-11-22,4.035733699798584,4.06829993034945,3.990641628411252,4.030723363463998,37444900
2017-11-23,4.055773735046387,4.0733094308069955,3.993145738245776,4.003166169952686,15403600
2017-11-24,4.033228397369385,4.100866502198781,4.018197866677948,4.070804963003953,18790700
2017-11-27,3.9756100177764893,4.013186815623314,3.9530639868495823,4.010681647985671,28445800
2017-11-28,3.9680962562561035,4.018198672356065,3.9605809894035198,3.9906422957198813,30429600
2017-11-29,3.840334892272949,3.9881364698141106,3.837829724099645,3.975610867853574,45973000
2017-11-30,3.852860689163208,3.8754067260516596,3.7551612756152504,3.832819820574806,52811400
2017-12-01,3.910477638244629,3.9505596093215507,3.8227989088471612,3.8428397749326377,42703800
2017-12-04,3.8779118061065674,3.9580755224806157,3.8729017082178188,3.920498713237966,43821500
2017-12-05,3.83532452583313,3.9655901559306694,3.8102733236690796,3.8829215232576613,30228000
2017-12-06,3.8879318237304688,3.9330236527454168,3.792737590845185,3.8127784568309324,39238500
2017-12-07,3.822798013687134,3.880415430464487,3.775200788700187,3.8328184443834523,37281400
2017-12-08,3.8453445434570312,3.9280131671983174,3.8453445434570317,3.8854262714642074,39584500
2017-12-11,3.852860689163208,3.9004576923341623,3.850355520863158,3.8779116554457107,21281600
2017-12-12,3.880415678024292,3.880415678024292,3.802757394899918,3.8478492164571283,36201200
2017-12-13,3.8027572631835938,3.928012769993004,3.785221329774251,3.9204972675721774,46828900
2017-12-14,3.760171413421631,3.835324786107908,3.7576662452540246,3.7827174491181124,37177300
2017-12-15,3.745140790939331,3.817788998321483,3.745140790939331,3.77019199579083,55668300
2017-12-18,3.812778949737549,3.840335084303849,3.7902329128623955,3.797748178852114,42760400
2017-12-19,3.792739152908325,3.8202952952614044,3.77269827866862,3.8027595900281783,22639700
2017-12-20,3.8177876472473145,3.832818412620186,3.800251953400557,3.8102723840138344,20149700
2017-12-21,3.9731051921844482,3.9756103600377606,3.8328191370823297,3.8353243049356425,47219400
2017-12-22,3.9455482959747314,3.980619922389523,3.9305175306809894,3.9455482959747314,18708500
2017-12-25,3.9455482959747314,3.9455482959747314,3.9455482959747314,3.9455482959747314,0
2017-12-26,4.000662326812744,4.005672424572755,3.9305190469245717,3.9455498180166093,22173100
2017-12-27,4.0207014083862305,4.043247436888808,4.003165714620186,4.005670881988452,23552200
2017-12-28,4.033228397369385,4.040743423809125,4.008177194342354,4.033228397369385,19011500
2017-12-29,4.033228397369385,4.033228397369385,4.033228397369385,4.033228397369385,0
2018-01-02,4.1459574699401855,4.1459574699401855,4.055773821560219,4.055773821560219,33461800
2018-01-03,4.183535099029541,4.188544957339051,4.100866464273243,4.130927525378105,55940900
2018-01-04,4.191049575805664,4.248667000210937,4.163493686375078,4.203575414466737,37064900
2018-01-05,4.21610164642334,4.223617151172795,4.150968705364017,4.183535414799672,26958200
2018-01-08,4.266203880310059,4.266203880310059,4.186039933049281,4.193555437489595,28400000
2018-01-09,4.266203880310059,4.298770110594149,4.248667703282659,4.266203880310059,35070900
2018-01-10,4.208585739135742,4.271213505955095,4.201070712917063,4.238647277446286,28547700
2018-01-11,4.321317195892334,4.333842561857043,4.218607665983048,4.228627863192399,37921500
2018-01-12,4.333841323852539,4.361397694477652,4.2636985299878125,4.268708866067278,45912100
2018-01-15,4.346367359161377,4.368913394719124,4.2962649517415,4.338851854704805,28945400
2018-01-16,4.421519756317139,4.469116987660111,4.33384079683647,4.346366635511931,58618300
2018-01-17,4.5993828773498535,4.5993828773498535,4.461601517762526,4.48915788524237,58488900
2018-01-18,4.564311504364014,4.64197027976494,4.491663542829016,4.596878210902968,48575800
2018-01-19,4.574332237243652,4.614413970584139,4.516714805293196,4.586857599733072,33470200
2018-01-22,4.6269402503967285,4.6269402503967285,4.531746234293181,4.574333144137095,33920000
2018-01-23,4.569322109222412,4.624434375622556,4.509199506473535,4.609403844388329,35567700
2018-01-24,4.844883918762207,4.917531877402166,4.614413725394597,4.614413725394597,89768200
2018-01-25,4.844883918762207,4.844883918762206,4.844883918762206,4.844883918762206,0
2018-01-26,4.992685317993164,5.00521067940614,4.784761164979153,4.915027026046509,81989500
2018-01-29,4.972644329071045,5.022746251285756,4.902501064596171,4.927552264609476,55726200
2018-01-30,4.882460117340088,4.952603380625313,4.849893892343452,4.952603380625313,46203000
2018-01-31,4.9350666999816895,4.99268411307524,4.930056365500913,4.9450868911314485,41576600
2018-02-01,5.140486717224121,5.1655379170874225,4.950098267199683,4.950098267199683,51950200
2018-02-02,5.002706527709961,5.115436714572121,4.972645463088057,5.085375172138209,50657800
2018-02-05,4.769731521606445,5.002706440716988,4.769731521606445,4.922542966036543,62268600
2018-02-06,5.007714748382568,5.007714748382568,4.664514951733248,4.6745351431024655,74146500
2018-02-07,4.869935512542725,5.065333848483252,4.849894645322877,5.0027060786947315,61910300
2018-02-08,4.77223539352417,4.94508815478698,4.7096076299461,4.89749092068031,51115100
2018-02-09,4.702093124389648,4.857409727673931,4.63696018572425,4.7672260630550465,68727600
2018-02-14,4.822338581085205,4.849894954448388,4.749690134150268,4.762215975593531,43402800
2018-02-15,4.859914302825928,4.894986174942892,4.802296875664224,4.884965503534641,31978000
2018-02-16,4.864925384521484,4.905007120676826,4.837369011735192,4.8749455796543275,34736300
2018-02-19,5.022746562957764,5.03527240264762,4.897491032930768,4.897491032930768,40925500
2018-02-20,5.120446681976318,5.215640683495988,4.965129599925099,4.980160131152,67418700
2018-02-21,5.072849750518799,5.23067153251988,5.072849750518798,5.158023562332716,55678400
2018-02-22,5.1956000328063965,5.21564090121617,5.145498100687963,5.1580234642645735,38170900
2018-02-23,5.290794849395752,5.295804708454787,5.165539294491432,5.248207941615802,55755600
2018-02-26,5.390995502471924,5.433582381060484,5.355923646226718,5.360933979663419,48160500
2018-02-27,5.385986328125,5.473665270889394,5.345904607629014,5.3784708263525784,42912500
2018-02-28,5.3759660720825195,5.453624829594645,5.305823294732,5.41855296310755,66229400
2018-03-01,5.268247604370117,5.375966955548,5.200609505542305,5.360936426190235,66380900
2018-03-02,5.388492584228516,5.388492584228516,5.137981541602245,5.185578773488566,52682900
2018-03-05,5.541305065155029,5.553830427499776,5.350916595080818,5.383482823864327,54242600
2018-03-06,5.486193656921387,5.669066667329285,5.4761734601736425,5.63650043063404,57240800
2018-03-07,5.428574562072754,5.503727687186478,5.353421436959031,5.433584897830181,50956600
2018-03-08,5.436089515686035,5.4811810995047585,5.340895057174371,5.473666074440906,36156800
2018-03-09,5.60894250869751,5.608942508697511,5.408533850814785,5.456131086241406,45560000
2018-03-12,5.593911647796631,5.659044577207339,5.56886044759068,5.646519216010316,32363900
2018-03-13,5.538801193237305,5.646521054732241,5.526275350149488,5.623975014986228,34732800
2018-03-14,5.606438159942627,5.621469169839063,5.53379019002452,5.586397291226046,31947600
2018-03-15,5.338391304016113,5.5563361670403,5.338391304016114,5.523769457095125,81097800
2018-03-16,5.368451118469238,5.446109399195501,5.318348724432515,5.378471310589478,57891900
2018-03-19,5.243195533752441,5.350915344872191,5.225659839442125,5.328369315669833,42218400
2018-03-20,5.300812721252441,5.363440471246267,5.2882873623784015,5.3058230559267825,30106800
2018-03-21,5.523770809173584,5.5337914847824425,5.310836708418572,5.323362075117533,53106300
2018-03-22,5.441099166870117,5.521263094403451,5.40602777706993,5.476171034482154,50033300
2018-03-23,5.4486165046691895,5.538800654887696,5.393504233875665,5.4135451030562205,52815800
2018-03-26,5.5187578201293945,5.561344711696699,5.471160593598445,5.528778012244844,30174900
2018-03-27,5.370957374572754,5.556335505583325,5.353421676449204,5.5463148336201895,43568100
2018-03-28,5.310833930969238,5.3634410169670605,5.258226367159553,5.325864458709778,38539300
2018-03-29,5.363441467285156,5.401018028697391,5.318349402465714,5.325864905872921,34318800
2018-04-02,5.235679626464844,5.375965647908892,5.203113407809043,5.350914931009874,37275000
2018-04-03,5.188085079193115,5.308330780239519,5.175559714285719,5.28828990970046,39245800
2018-04-04,5.105413913726807,5.1605266389214615,5.037776307606162,5.0878782203691655,58475700
2018-04-05,5.298308372497559,5.343400435909673,5.268247315430741,5.298308372497559,88599000
2018-04-06,5.330874919891357,5.3308749198913565,5.218144764643225,5.255721323788644,47908900
2018-04-09,5.142992973327637,5.370958032481973,5.142992973327637,5.368452864184321,44248900
2018-04-10,5.360935688018799,5.3884920528902684,5.200608789447004,5.238185346573287,58545100
2018-04-11,5.461139678955078,5.486190874838909,5.3433996794564385,5.348410014195569,62378300
2018-04-12,5.431080341339111,5.496213280082046,5.431080341339111,5.458636713295114,36238700
2018-04-13,5.310833930969238,5.446109636257826,5.275762062492161,5.421058438149017,43347800
2018-04-16,5.1655402183532715,5.320856866638427,5.160529880586109,5.273259613474605,48474200
2018-04-17,5.268247604370117,5.280772965866269,5.165538111103548,5.18557897618454,36570400
2018-04-18,5.461139678955078,5.478675850542034,5.338389344717308,5.348410014195569,65237400
2018-04-19,5.561346530914307,5.611448463504491,5.49370842021496,5.528779820809289,62475200
2018-04-20,5.601429462432861,5.626480195163205,5.4861940850624675,5.526275830805535,61494800
2018-04-23,5.6314897537231445,5.631489753723144,5.49621400000858,5.533790571717513,37023300
2018-04-24,5.611447811126709,5.704137116251238,5.568860910579537,5.661550215704066,46710300
2018-04-25,5.443604469299316,5.5438087839343515,5.428573941557026,5.513747728449772,68160600
2018-04-26,5.669064044952393,5.669064044952393,5.503726813693242,5.511242316136601,56674700
2018-04-27,5.689105033874512,5.744217764064644,5.676579674001401,5.721671734043563,37858300
2018-04-30,5.754238605499268,5.7667644445971895,5.669064810881023,5.694116011264961,23681500
2018-05-02,5.661550521850586,5.744219159405146,5.639004486352799,5.679086221057315,31778100
2018-05-03,5.6239728927612305,5.671569645097967,5.503727233553579,5.646518923999422,48855700
2018-05-04,5.578881740570068,5.671570570506879,5.578881740570068,5.623973810403957,33599400
2018-05-07,5.674076080322266,5.804341961507518,5.633994344236339,5.654035212279303,47815100
2018-05-08,5.739209175109863,5.799331780854064,5.641510000502039,5.776785743973489,81198700
2018-05-09,6.207663536071777,6.21267339356757,5.816865982687551,5.836906846106341,118032300
2018-05-10,6.45065975189209,6.63603787771583,6.242735592594065,6.297847853413471,126907200
2018-05-11,6.373000621795654,6.590944946381673,6.3679902866113665,6.470699768829948,72996400
2018-05-14,6.573409080505371,6.63353166772139,6.465689265897228,6.475709936005822,66938700
2018-05-15,6.711192607879639,6.7387485040066055,6.485732235309883,6.600967589935759,75230200
2018-05-16,6.861497402191162,6.896569273569583,6.723716517912489,6.731232021310415,64486500
2018-05-17,6.500762939453125,6.9141061400272115,6.380517253803586,6.85147836788532,112487000
2018-05-18,6.425609588623047,6.555875474673226,6.252756796664616,6.265282638291749,83206900
2018-05-21,6.2753005027771,6.585934570374789,6.247744617057236,6.538337345496007,75971900
2018-05-22,6.202507019042969,6.348094455767525,6.061940416579978,6.227608317746081,88109900
2018-05-23,5.841050148010254,6.144774479442025,5.841050148010254,6.082021470921332,74622500
2018-05-24,5.0403218269348145,5.208499915651116,4.932386571357079,5.032791293254689,240343800
2018-05-25,4.970038890838623,5.339026947302782,4.934897353563004,5.183399250228181,131188100
2018-05-28,4.244614601135254,4.81943254379467,4.244614601135254,4.81943254379467,134504900
2018-05-29,4.844532489776611,4.87967450318202,4.4178122817945145,4.518217008451037,181509800
2018-05-30,4.764209270477295,5.012711177805361,4.550848901932725,4.616112101650332,125430000
2018-06-01,4.05635404586792,4.957487200640095,3.7400788556155002,4.909794784655011,216954700
2018-06-04,4.400242328643799,4.427853334353465,4.279756155595149,4.339999481503269,93547600
2018-06-05,4.164289951324463,4.468014302273024,4.164289951324463,4.357569344892179,67006400
2018-06-06,4.099026679992676,4.186880991588192,3.9835611295963864,4.13416821312389,69496800
2018-06-07,3.9559504985809326,4.05635523635861,3.7476104881544186,4.016193341247539,118752700
2018-06-08,3.8279342651367188,4.063885757173831,3.7802420747032213,3.96850113692306,91461500
2018-06-11,3.868095874786377,3.9659906660978357,3.797812563769406,3.890686998887772,44872500
2018-06-12,3.8806469440460205,3.935869671201782,3.825424216890259,3.885667061396298,69592600
2018-06-13,3.8078536987304688,3.8906876752462987,3.6999184156530776,3.8706067257505703,72301200
2018-06-14,3.7902822494506836,3.9032376299953713,3.7777315984159947,3.8480149090729934,57324600
2018-06-15,3.75765061378479,3.7827516762117,3.632144583498974,3.772711203364185,75239300
2018-06-18,3.6396753787994385,3.737570182062553,3.639675378799439,3.707448759377854,47363800
2018-06-19,3.8706071376800537,3.9459108259951328,3.5568419691870776,3.579433099619984,97301500
2018-06-20,4.068905353546143,4.13667872616199,3.965990684335847,3.9760311573844436,88397300
2018-06-21,3.7902822494506836,4.096516794148058,3.7902822494506836,4.038784134525748,67884300
2018-06-22,3.7927918434143066,3.9358688691911237,3.767690783010184,3.8680955033941467,52184500
2018-06-25,3.940889596939087,3.963480722376377,3.780242019400616,3.81538355729527,60347200
2018-06-26,4.026233196258545,4.046314139534032,3.898216763955792,3.9910911864508525,59595900
2018-06-27,4.15424919128418,4.262184448225359,4.031253345559984,4.041294057260319,78095000
2018-06-28,4.1668009757995605,4.284776491010797,4.099027593569289,4.196922159834622,94960700
2018-06-29,4.314897537231445,4.314897537231445,4.199431738216418,4.229553396714801,75735100
2018-07-02,4.385181903839111,4.387692082685733,4.242105060955308,4.264696191807241,54545600
2018-07-03,4.392711639404297,4.490606202733969,4.382670925848651,4.4529544844354465,57456700
2018-07-04,4.420323371887207,4.63117358075605,4.327448681336665,4.362590223225605,54211000
2018-07-05,4.483075141906738,4.71902611238896,4.430362365084989,4.668823992161185,76084700
2018-07-06,4.5031561851501465,4.540807895843936,4.4303624628770075,4.510686240028418,33878700
2018-07-10,4.455463886260986,4.606071211972603,4.405261284767952,4.603561034021202,70886200
2018-07-11,4.370120048522949,4.538298152577286,4.342508567945103,4.390200994733876,85806300
2018-07-12,4.505666255950928,4.52323702193928,4.397731003431092,4.422832302886222,49397900
2018-07-13,4.545828342437744,4.563399109194761,4.462994385749315,4.5157066860203665,44951900
2018-07-16,4.488094806671143,4.5131961049823985,4.417811745920558,4.505666050626233,62798900
2018-07-17,4.591012477874756,4.618623488960478,4.445424970478751,4.46550640220318,40884300
2018-07-18,4.530768394470215,4.61862272873299,4.503157387929277,4.580971007982544,40643800
2018-07-19,4.618621826171875,4.618621826171875,4.452953904230301,4.4780552060812235,60404900
2018-07-20,4.8420233726501465,4.889715324315934,4.751658868411711,4.811901711648148,98035200
2018-07-23,4.834493160247803,4.887205472058627,4.821942267839803,4.844533395406611,35231500
2018-07-24,4.9348978996276855,4.987610690141517,4.902266536942049,4.912306772088556,39934600
2018-07-25,5.010200023651123,5.020240734929366,4.922346193803832,4.970038136073086,48759900
2018-07-26,4.872145175933838,5.007691949569552,4.8621049401650565,5.007691949569552,48144300
2018-07-27,4.962508201599121,4.972548434353123,4.907285245765938,4.919836135167787,36509400
2018-07-30,4.992630481719971,5.045343271319354,4.944938527758127,5.007691552329841,37053900
2018-07-31,4.949958324432373,4.967529573188171,4.887205300892963,4.9248574980306685,38641200
2018-08-01,5.022752285003662,5.022752285003662,4.904776767857287,4.9173271816164945,39141700
2018-08-02,5.123156547546387,5.216031228403212,5.007691219809981,5.017731454115623,69008900
2018-08-03,5.298864841461182,5.409309805267396,5.293844485260667,5.371658091298572,86908000
2018-08-06,5.281294345855713,5.3892291371273044,5.266233276477547,5.308905348847262,44528300
2018-08-07,5.198460578918457,5.386719661803305,5.163319036652253,5.354088298094345,69136700
2018-08-08,5.055383205413818,5.288824519529838,5.050363327610208,5.223561320407371,58211500
2018-08-09,5.105585098266602,5.108095276200492,4.970038362441433,5.085504153562964,51253100
2018-08-10,4.917327404022217,5.057894055306929,4.859594732090519,5.04534364098008,61789800
2018-08-13,5.030282497406006,5.030282497406006,4.837003073816653,4.894735739428778,58306700
2018-08-14,5.02776575088501,5.11080690965464,4.964855767575743,5.10325801883518,55180600
2018-08-15,4.7937397956848145,4.94975674137629,4.7937397956848145,4.94220737175791,65651700
2018-08-16,4.768576622009277,4.869232492876916,4.723281360127577,4.861683122574949,51201600
2018-08-17,4.645272254943848,4.74592859742782,4.630173995557257,4.718248055248226,68328400
2018-08-20,4.620108604431152,4.6578544925136605,4.552165717903634,4.62262506096532,56315600
2018-08-21,4.45905876159668,4.662887421892203,4.441444045760896,4.597460991669999,68735300
2018-08-22,4.6175923347473145,4.625141224690277,4.441444209947788,4.4540264931277695,56623700
2018-08-23,4.516936302185059,4.660370965380265,4.499321106384149,4.617592164079501,56284100
2018-08-24,4.605009078979492,4.640238984477781,4.542099116261385,4.617591359502069,37893000
2018-08-27,4.708183288574219,4.720765574198821,4.605010946278079,4.6326914946870845,35428000
2018-08-28,4.6175923347473145,4.743412286756969,4.615075878111319,4.720764656998029,38079200
2018-08-29,4.856649875640869,4.859166332235441,4.6427563447174,4.655338147725244,71434300
2018-08-30,4.730829238891602,4.917043160135726,4.700632724070626,4.818903287055185,63981900
2018-08-31,4.846585273742676,4.889364082491901,4.758511199263084,4.768577027187651,75767400
2018-09-03,4.78115701675415,4.813869985157908,4.720763512033045,4.7786405607284905,25401600
2018-09-04,4.693084716796875,4.8289705128051335,4.685535825884253,4.813871771049713,39759800
2018-09-05,4.718249320983887,4.730831127187121,4.587396424623633,4.670437593474343,53967300
2018-09-06,4.778641700744629,4.786191070622623,4.650305292608877,4.778641700744629,54304300
2018-09-10,4.846585273742676,4.932142891241126,4.7937406370688835,4.871749363589001,58578100
2018-09-11,4.65533971786499,4.753479158328421,4.637724995726957,4.748446723406969,56495200
2018-09-12,4.768576622009277,4.836519034866776,4.6905679021174365,4.7333467072318145,59695700
2018-09-13,4.708183288574219,4.8138720879952785,4.6855361343801745,4.788708476676314,36808700
2018-09-14,4.72831392288208,4.771092244857805,4.650305208777484,4.730829899497698,55756300
2018-09-17,4.881814002990723,4.904461632568776,4.688051163251824,4.688051163251824,71289500
2018-09-18,5.095708847045898,5.095708847045899,4.899429518668546,4.9069788897479025,72959100
2018-09-19,5.02776575088501,5.148552803647183,4.9900198568924665,5.01518394620919,60563700
2018-09-20,5.000086307525635,5.120873375335695,4.969889300590548,5.098225740125666,56206900
2018-09-21,5.068027973175049,5.1082903230738825,5.020216732648354,5.07054443003936,58517300
2018-09-24,5.032796859741211,5.135969156968713,5.0126656915008425,5.083125020324587,54332900
2018-09-25,5.052929878234863,5.07054459689963,4.914528105898766,4.957306914069664,54462300
2018-09-26,5.080611705780029,5.108291779247813,5.025250598914048,5.093193513723095,60060800
2018-09-27,5.400191307067871,5.400191307067871,5.151067896719745,5.15861726550543,104177300
2018-09-28,5.307085990905762,5.520980020499167,5.289471273168375,5.317151338199243,91254600
2018-10-01,5.284438133239746,5.375028654826955,5.2341099590323985,5.34734811101641,56540400
2018-10-02,5.742423057556152,5.742423057556152,5.51091430550906,5.536078394202997,127231800
2018-10-03,5.986513137817383,6.396685942148452,5.903471514400577,6.35390714219055,152189200
2018-10-04,6.044391632080078,6.170211605370845,5.8405629297741575,5.90095693932302,99743300
2018-10-05,6.029293060302734,6.187826499915096,5.953801266178357,6.16266240855193,104693400
2018-10-08,6.693622589111328,6.786729099370486,6.479728541270542,6.7791802082476424,188109000
2018-10-09,6.748981475830078,6.794276730830008,6.613096190795266,6.663423878600205,90128800
2018-10-10,6.555221080780029,6.640778709685513,6.454565187939799,6.620647531117467,82688000
2018-10-11,6.3639726638793945,6.731366650692905,6.306095127903797,6.681038483748465,119307500
2018-10-15,6.48475980758667,6.572833861373157,6.429398726938888,6.517472780725376,92331900
2018-10-16,6.726335048675537,6.726335048675537,6.565285651015762,6.592966196225435,74144800
2018-10-17,6.655873775482178,6.701168542256068,6.608062072817367,6.653357319556147,80990300
2018-10-18,6.467146873474121,6.628196287050748,6.467146873474122,6.615614481601991,56268900
2018-10-19,6.522507190704346,6.628195983515311,6.4671465773138745,6.6156141786427325,61858300
2018-10-22,6.6760077476501465,6.693622466567771,6.610581305981048,6.610581305981048,63678000
2018-10-23,6.5929646492004395,6.66342350416104,6.494824775560393,6.5803823679825095,77457300
2018-10-24,6.462112903594971,6.791761048142017,6.46211290359497,6.645809920940917,93377100
2018-10-25,6.623162269592285,6.7036869629667155,6.464629339507006,6.5879328362322305,79732200
2018-10-26,6.9452619552612305,6.945261955261231,6.572834985245709,6.706203836959815,110184900
2018-10-29,6.648325443267822,6.862219430648357,6.535087308782549,6.731366581902034,160890100
2018-10-30,7.045917510986328,7.045917510986328,6.648326470636415,6.718785818533693,107525500
2018-10-31,6.950293064117432,7.128957132270914,6.869767906676844,7.111342419068732,84131500
2018-11-01,6.874802112579346,7.0509502376752256,6.821957963029598,6.985523804924328,98037100
2018-11-05,7.086179733276367,7.086179733276367,6.897449803277959,6.920097433274971,60389900
2018-11-06,6.84208869934082,7.121408649062276,6.791760529679569,6.869768760686012,95344400
2018-11-07,6.618130207061768,6.957844220876632,6.608064859078525,6.947778872893389,95817100
2018-11-08,6.379072666168213,6.801827848205009,6.379072666168213,6.743950296404301,119096300
2018-11-09,6.4067511558532715,6.472177582672223,6.210472355361402,6.341325208999304,94206400
2018-11-12,6.374037742614746,6.522505300927847,6.363972397625951,6.4268823636920125,63162600
2018-11-13,6.099750995635986,6.371522062967514,6.026775675686553,6.371522062967514,112776300
2018-11-14,6.316162109375,6.338809740648873,6.016710469171056,6.099751623853571,104423900
2018-11-16,6.492311477661133,6.552705496957447,6.333778496912569,6.3891391213081405,100628900
2018-11-19,6.542637348175049,6.615613148980208,6.399202683105614,6.431915658661882,79946400
2018-11-21,6.333776950836182,6.411785193434745,6.293514601110144,6.316162232826674,77228100
2018-11-22,6.353989601135254,6.4070450340775835,6.333778122366667,6.386833555308997,31253600
2018-11-23,6.156928062438965,6.26556446421223,6.0659761632170195,6.227668000162981,77961200
2018-11-26,6.126608848571777,6.313565102001618,6.076079923048233,6.265562670942206,62111600
2018-11-27,6.449994087219238,6.4929435371773945,6.131662954919901,6.15692742228581,90759000
2018-11-28,6.412094593048096,6.535890385679105,6.328722221240737,6.442412038195973,92811300
2018-11-29,6.359041690826416,6.442414089175861,6.285774789490445,6.30598626539699,65584300
2018-11-30,6.432307720184326,6.4575721840051985,6.333776841350448,6.343882819630624,90874500
2018-12-03,6.553577423095703,6.702637238053933,6.518206978981815,6.644528823395258,90530000
2018-12-04,6.401989459991455,6.652106589507146,6.401989459991456,6.631895118896165,66867500
2018-12-05,6.457572937011719,6.497995891086938,6.3034606053048,6.434834965109454,54183300
2018-12-06,6.212509632110596,6.346410988368372,6.141769211126917,6.3135670321732125,99037200
2018-12-07,6.257983207702637,6.434833470227577,6.1771373183335765,6.194822296398119,87994700
2018-12-10,5.92196798324585,6.290827524065946,5.921967983245849,6.257984057753304,73871100
2018-12-11,5.884072303771973,6.081134091398474,5.828490378540177,6.043237630845658,64017600
2018-12-12,5.886597633361816,6.038183939852248,5.861333650513064,5.997760989038744,63296400
2018-12-13,5.90175724029541,5.924495212824739,5.8006993704407765,5.88407225763474,61946100
2018-12-14,5.8234357833862305,5.8941761769634455,5.800697816946394,5.831015266159345,45231700
2018-12-17,5.777960777282715,5.879018145974681,5.76027531611702,5.866385673713469,53832000
2018-12-18,5.558160305023193,5.760275032454047,5.558160305023193,5.755222525677916,74740000
2018-12-19,5.621321201324463,5.823435928170838,5.573318772993629,5.684482113698895,171157500
2018-12-20,5.429312705993652,5.639006944232193,5.393942744469913,5.636480449569128,141767000
2018-12-21,5.4444708824157715,5.553107737350471,5.368677974353196,5.406574428384483,90384300
2018-12-26,5.665706634521484,5.665706634521484,5.336426581210317,5.380853266937707,77104200
2018-12-27,5.663093090057373,5.744106280058249,5.5611732542997,5.623893191570096,74083700
2018-12-28,5.927039623260498,5.966239520550623,5.770239535646262,5.778079714485782,61634700
2019-01-02,6.28767728805542,6.324264278702399,5.822504464041271,5.893064056349476,104534800
2019-01-03,6.441866874694824,6.486293563421842,6.219733431059734,6.261546726514127,95206400
2019-01-04,6.460158348083496,6.517651987322639,6.394825029641679,6.494131952807291,72119800
2019-01-07,6.56207799911499,6.7737577898579735,6.4549314075998,6.4941312950035215,121711900
2019-01-08,6.522877216339111,6.643090761976262,6.47322426126081,6.637863977719521,68761800
2019-01-09,6.658771991729736,6.663998777066124,6.572532027494087,6.611731920609621,70177600
2019-01-10,6.601279258728027,6.640479154280239,6.551625791853245,6.601279258728028,54763700
2019-01-11,6.530719757080078,6.582986621662819,6.4915198578699025,6.5725330493647665,53980700
2019-01-14,6.494133949279785,6.556853894451297,6.444480472432156,6.486293769213165,46577300
2019-01-15,6.48890495300293,6.564691839145614,6.454931847856874,6.48890495300293,53731500
2019-01-16,6.486291885375977,6.507198527694489,6.444478600738951,6.48106510018293,40425000
2019-01-17,6.575146675109863,6.611733182540189,6.449706793816937,6.468000047532099,50359400
2019-01-18,6.637866497039795,6.6796797900562845,6.606506776504314,6.648320069520803,67021300
2019-01-21,6.671839237213135,6.671839237213135,6.5594658399971255,6.614345592988922,45336500
2019-01-22,6.567306041717529,6.663999588398251,6.538559715774947,6.601279652086599,61307000
2019-01-23,6.645705699920654,6.67445252156577,6.575145591402841,6.619572271011794,52931600
2019-01-24,6.674452304840088,6.674452304840088,6.616958663416728,6.637865306174218,40109000
2019-01-28,6.473226547241211,6.6718399330542635,6.465386368087387,6.609119995184945,65079900
2019-01-29,6.630025386810303,6.6796783500294294,6.56207867569324,6.598665174581788,59419200
2019-01-30,6.695359230041504,6.776372411837612,6.656158837070568,6.745012197151604,62607500
2019-01-31,6.684906482696533,6.784212927606791,6.679679696529213,6.760693386761379,63253600
2019-02-01,6.742400646209717,6.755467613587429,6.63002771748442,6.664000835758796,47957400
2019-02-04,6.8025054931640625,6.82602552836248,6.690132102427997,6.752852030139218,53874900
2019-02-05,6.815573692321777,6.8208004789079455,6.745013568769929,6.771147003246962,40989100
2019-02-06,6.661386013031006,6.752852771234734,6.616959330386551,6.742399199575459,64527000
2019-02-07,6.5568528175354,6.755466193851281,6.4444794139727835,6.690132866054757,55614100
2019-02-08,6.567306041717529,6.6065064380593395,6.462772814531443,6.48106606698229,40153900
2019-02-11,6.491518497467041,6.57775845703795,6.413118715476635,6.57775845703795,39617300
2019-02-12,6.721492290496826,6.755465898600276,6.593439033426719,6.616959070281812,72467200
2019-02-13,6.807731628417969,6.849544912627968,6.755465272382303,6.799891949162135,69042200
2019-02-14,7.042932033538818,7.042932033538818,6.794665220337333,6.839091897485377,81125500
2019-02-15,7.014185428619385,7.061225499801696,6.980211822341632,7.019412213962682,63841800
2019-02-18,6.993279933929443,7.001120113231673,6.901813169218501,6.948853248124344,43379000
2019-02-19,7.155305862426758,7.16053264829506,7.014186133158746,7.019412919027048,58041900
2019-02-20,7.066453456878662,7.228479841758049,7.022026771001328,7.1866665489857064,55114500
2019-02-21,7.160531044006348,7.184051076690402,7.0089577769611235,7.10303790769734,46559400
2019-02-22,7.08997106552124,7.238931441183563,7.08997106552124,7.199731053746638,36602000
2019-02-25,6.977599143981934,7.063839110999522,6.959305394714457,7.055998932742032,54190800
2019-02-26,6.9462385177612305,7.092585014052428,6.9436251251636065,6.993278587611104,46504200
2019-02-27,7.076906681060791,7.121333367881136,6.959306481108765,7.0141867405709695,49131400
2019-02-28,7.07167911529541,7.251999235862272,6.951466033886652,7.244159057245025,93065100
2019-03-01,6.977599143981934,7.121332256193347,6.959305394714457,7.092585434369584,41978700
2019-03-06,6.993279933929443,6.993279933929443,6.917493029369194,6.938399675721372,18423400
2019-03-07,6.995891571044922,7.032478068364495,6.922718077952133,7.003731249925606,32835300
2019-03-08,6.969759464263916,6.99066610932562,6.852159274258253,6.922719388261651,49564400
2019-03-11,7.252000331878662,7.2598405116808165,7.058613716176353,7.061227109443738,66742800
2019-03-12,7.1866655349731445,7.306878610118557,7.121332211927934,7.262452428963363,64287300
2019-03-13,7.343465805053711,7.351305485017034,7.191892511500382,7.2101857626864145,61057200
2019-03-14,7.3669867515563965,7.369600144684787,7.293813239322794,7.356533179042837,42777800
2019-03-15,7.38266658782959,7.419253094600353,7.346080081058827,7.359146548204451,61041100
2019-03-18,7.510718822479248,7.523785786273622,7.385278960775465,7.408798997151637,91920600
2019-03-19,7.630932807922363,7.709332601094374,7.4741327231246135,7.539466050252532,69423600
2019-03-20,7.570825099945068,7.735465348910498,7.552531849716394,7.630932134422589,68878000
2019-03-21,7.463679790496826,7.570826416283206,7.296426618235896,7.536853302587869,80121300
2019-03-22,7.055999755859375,7.353919586046013,7.055999755859375,7.30165322026005,104731100
2019-03-25,7.144852638244629,7.21018596485736,7.008959199261253,7.011572592140209,104772900
2019-03-26,7.481973171234131,7.495040137072997,7.244159875958357,7.249386662293904,91549100
2019-03-27,7.144852638244629,7.372212335722849,7.144852638244629,7.372212335722849,66415400
2019-03-28,7.333011627197266,7.333011627197265,7.0429320281162395,7.121331811985994,69412700
2019-03-29,7.333011627197266,7.455838586634528,7.249385058148548,7.434931944372349,51587400
2019-04-01,7.317332744598389,7.427092755705513,7.283359633318111,7.421865969830475,42289800
2019-04-02,7.393118858337402,7.395731752543365,7.280745466241079,7.35391846689641,38460600
2019-04-03,7.19711971282959,7.463679314507407,7.19711971282959,7.455839634091252,55120900
2019-04-04,7.440160274505615,7.440160274505615,7.152693989062693,7.257227229083193,52248100
2019-04-05,7.521173000335693,7.549919326095215,7.372212591783659,7.458453064423451,54708900
2019-04-08,7.64400053024292,7.6805870399422815,7.573440405719454,7.594347053898206,55270000
2019-04-09,7.620480060577393,7.641386707581501,7.4924267853705055,7.586506946115885,43863700
2019-04-10,7.521173000335693,7.727626060406771,7.5211730003356925,7.722399274467316,62005200
2019-04-11,7.317332744598389,7.500266262594842,7.283359633318111,7.500266262594842,56126400
2019-04-12,6.750239849090576,7.04815968380499,6.68229312392779,6.917493019673578,227307600
2019-04-15,6.776371955871582,6.946238486318809,6.677065031426103,6.886131952206565,117567200
2019-04-16,6.982826232910156,7.07167960288377,6.697972870074825,6.781599952396981,95149300
2019-04-17,6.990664958953857,7.1448516278313745,6.852158146678932,7.087358487986098,103988400
2019-04-18,7.212798595428467,7.28858498709357,7.1213318481468555,7.150078668323449,100942100
2019-04-22,7.170985221862793,7.288584896807834,7.139625009471915,7.2363185407612605,45321900
2019-04-23,7.233704566955566,7.317331128673541,7.233704566955566,7.244157637943501,52199500
2019-04-24,7.212798595428467,7.28858498709357,7.11087827773585,7.24415830975414,57704700
2019-04-25,7.265064716339111,7.335624818962397,7.168371685443784,7.1735984704796545,55201700
2019-04-26,7.12632942199707,7.262318213248931,7.076641113885145,7.23878167250136,52616600
2019-04-29,7.157710552215576,7.223089711265102,7.14986487356041,7.20478312773638,27689800
2019-04-30,7.089716911315918,7.233550876805026,7.055719465710779,7.196938703510369,39570700
2019-05-02,6.990340709686279,7.013877250699646,6.935422446524078,7.008646797407013,37820300
2019-05-03,7.021721839904785,7.079255320776219,7.021721839904784,7.034797472301755,33334800
2019-05-06,7.0008015632629395,7.00080156326294,6.893579765593234,6.901424946669301,31715900
2019-05-07,6.890963077545166,6.972033090560039,6.830814374301981,6.969417864488157,52454400
2019-05-08,7.157710552215576,7.1838618167926676,6.875272605073761,6.88050255870714,71780300
2019-05-09,7.016491413116455,7.092331477946111,6.966803111979901,7.087101025446809,46663300
2019-05-10,6.977264881134033,7.0400288224889405,6.909270486632017,7.026953188424635,33336000
2019-05-13,6.773282527923584,6.9223469692648285,6.752361211573998,6.8543525664277904,43146100
2019-05-14,6.799433708190918,6.859582425127463,6.760206305788975,6.843891563927382,34968600
2019-05-15,6.76805305480957,6.77066828208265,6.710519551212626,6.731440870593661,37053900
2019-05-16,6.6085286140441895,6.809896638016464,6.600682931711528,6.739286993433412,46502200
2019-05-17,6.454231262207031,6.647753531158351,6.399312504113531,6.550992147280969,67291200
2019-05-20,6.673906326293945,6.673906326293945,6.443771350185314,6.454232257646399,54472000
2019-05-21,6.927578449249268,6.927578449249267,6.647755614571505,6.720980482043768,57846700
2019-05-22,6.901327133178711,6.948578094897754,6.814699118292972,6.914452316873946,48439300
2019-05-23,6.783198833465576,6.804199428897303,6.699196451738671,6.798949154865949,49527400
2019-05-24,6.848825931549072,6.919703130699971,6.806824739613806,6.864576253351371,35915100
2019-05-27,6.88820219039917,6.966954803130366,6.869826730970005,6.903952512667922,33892000
2019-05-28,7.035204887390137,7.035204887390137,6.8593247401707025,6.8593247401707025,60774600
2019-05-29,6.956450939178467,7.011577291193803,6.893449179435161,6.953825803269144,43124400
2019-05-30,6.864574909210205,7.050955600035037,6.822573725499122,6.959077822906942,71847200
2019-05-31,6.707070827484131,6.8960766719980615,6.672945050387811,6.770073109451208,63137200
2019-06-03,6.822575569152832,6.909203096552859,6.7858246486478935,6.7936995597882435,53470600
2019-06-04,6.877702236175537,6.922328567123236,6.833075905227839,6.901327970247479,37331100
2019-06-05,6.788448333740234,6.901326709079864,6.7096957343273225,6.872450705892433,65282100
2019-06-06,6.898701190948486,6.9905784674767295,6.7516965471160875,6.869825189357551,87836900
2019-06-07,7.0247039794921875,7.043079432802693,6.922326167794487,7.006328526181682,52235500
2019-06-10,6.995828151702881,7.058829922030234,6.96170238053565,6.982702970644768,39666800
2019-06-11,7.129707336425781,7.1638336094114825,7.011578700234632,7.058830154711092,52437000
2019-06-12,7.048330307006836,7.11920749070605,6.99320344167625,7.092956626295942,43392200
2019-06-13,7.1349592208862305,7.190085596431214,7.1087083512818,7.127083809796794,48981600
2019-06-14,7.103457450866699,7.153334048647824,7.061456263480589,7.140208865349782,42802400
2019-06-17,7.116582870483398,7.200585242135002,7.077206320664784,7.10870746038095,49290000
2019-06-18,7.205836296081543,7.224211754284079,7.153334557765424,7.1664597419976115,31332800
2019-06-19,7.224211692810059,7.24258715085623,7.145459086006021,7.179585365829208,33286300
2019-06-21,7.423715591430664,7.45259108883847,7.337088097820155,7.337088097820155,58424700
2019-06-24,7.415842056274414,7.449967834812231,7.381716277736596,7.434217514001982,27365000
2019-06-25,7.221587181091309,7.392217092899319,7.187460898313472,7.386966818519079,56472100
2019-06-26,7.263587474822998,7.331839531228853,7.224211423237145,7.232086333138119,48901500
2019-06-27,7.14808464050293,7.232087025445708,7.090333126028196,7.203211518555196,55219200
2019-06-28,7.195333957672119,7.247835682923842,7.116581870488096,7.205834502999888,40262000
2019-07-01,7.155958652496338,7.358089664671539,7.142832969482202,7.308213070605043,46759100
2019-07-02,7.040457248687744,7.155960790249314,6.995830914495348,7.155960790249314,57954200
2019-07-03,7.1349592208862305,7.140209494945855,7.05883174910275,7.098208303856243,29291800
2019-07-04,7.1900835037231445,7.2399600913853766,7.171708050556414,7.187458367457391,28577400
2019-07-05,7.192709922790527,7.242586519348123,7.121832733055044,7.158584146636573,27414700
2019-07-08,7.258337497711182,7.276712955822598,7.203211123376935,7.218961444516194,25318200
2019-07-10,7.368589401245117,7.421091129711766,7.342338537011792,7.350213946489866,50715800
2019-07-11,7.455217361450195,7.484093363952956,7.392215583829862,7.402716130446728,48206900
2019-07-12,7.489344596862793,7.544470971583759,7.45784345366961,7.491969733853366,40908900
2019-07-15,7.397466659545898,7.520845091515282,7.397466659545899,7.505094770575157,36592400
2019-07-16,7.305588245391846,7.436842076966038,7.245211603034188,7.4237168940860725,54789300
2019-07-17,7.266211986541748,7.350214356216096,7.255711439985646,7.3475892195770705,28923500
2019-07-18,7.221587181091309,7.300339294020014,7.200586584264071,7.287214108763137,35830700
2019-07-19,7.203211784362793,7.245212978384079,7.184836324565196,7.218962106947343,28418900
2019-07-22,7.216335773468018,7.2845878276117615,7.1822099967429684,7.250462050886712,22304400
2019-07-23,7.224211692810059,7.253087198013894,7.192710549949708,7.221586555847223,21124400
2019-07-24,7.179586410522461,7.255713390747131,7.1664607237983775,7.2425882047168,27939600
2019-07-25,7.058829307556152,7.218959106132286,7.0378287192751445,7.211083697766838,26892300
2019-07-26,6.861949920654297,7.035204932373036,6.851449874846842,7.035204932373036,75644000
2019-07-29,6.924951076507568,6.940701894846544,6.814697851602595,6.882949895657443,26493300
2019-07-30,6.88820219039917,6.953829117328308,6.872451868130416,6.91707819846998,38201600
2019-07-31,6.846200942993164,6.95645419938858,6.830450620849165,6.9275781915464885,39890200
2019-08-01,6.890825271606445,6.9722024965245515,6.604691915510921,6.903950452798745,91345800
2019-08-02,6.961702823638916,7.0588303713155405,6.898701049301582,6.922326777264781,64112900
2019-08-05,6.707070827484131,6.859325257401658,6.699195917758484,6.77269774556399,48277000
2019-08-06,6.793698310852051,6.882950959122128,6.741197077024366,6.798948584442914,44208100
2019-08-07,6.72019624710083,6.754322022854424,6.562691549767679,6.678195061237807,67698500
2019-08-08,6.917074680328369,6.917074680328368,6.788446029053218,6.851447786778182,50256700
2019-08-09,6.898701190948486,7.006329286904661,6.851449734051902,6.903950963397525,36641500
2019-08-12,6.7333197593688965,6.8041969306880485,6.704444264185671,6.8041969306880485,36122000
2019-08-13,6.823276996612549,6.913230549279269,6.675117075992015,6.7095115415258135,45330500
2019-08-14,6.593098163604736,6.714800375073894,6.5560584478755635,6.683052191485539,54401100
2019-08-15,6.4105448722839355,6.61426433490996,6.386733480307995,6.611618568620597,53894500
2019-08-16,6.3258819580078125,6.553412797807776,6.320590425773328,6.540183967221563,56782000
2019-08-19,6.357631683349609,6.481979683364261,6.310008894731292,6.429065361648715,50699300
2019-08-20,6.354984760284424,6.399961774168952,6.265030732515368,6.325881838174353,37141700
2019-08-21,6.733320713043213,6.876188547927025,6.397315992749176,6.442293006525766,87840800
2019-08-22,6.672469139099121,6.804754415085745,6.656595047276645,6.746549075317812,40808800
2019-08-23,6.423773288726807,6.7121552354684075,6.410544458134634,6.5560585668787965,58032300
2019-08-26,6.339110851287842,6.529601991751094,6.288842804446336,6.503144832839161,39688800
2019-08-27,6.439648151397705,6.5666419125093,6.299425558110935,6.394671131258805,70475200
2019-08-28,6.505789279937744,6.5348921993021625,6.381441314283991,6.402606936195869,41981500
2019-08-29,6.746551513671875,6.746551513671875,6.52960366338455,6.587809024189197,61008800
2019-08-30,6.746551513671875,6.7968200780108905,6.659243220150672,6.754488814765971,54958200
2019-09-02,6.693636894226074,6.76771685403072,6.680408564267021,6.717448291855123,19049900
2019-09-03,6.773006439208984,6.788880531518413,6.622201300698672,6.6433669253206755,47829600
2019-09-04,6.947622776031494,6.976725698316138,6.878834371758515,6.921165619829844,56179000
2019-09-05,6.982018947601318,7.087847606083646,6.968790617605248,7.037579043767385,48586800
2019-09-06,7.016412258148193,7.106366300275352,6.931749748999894,6.984663564903401,48502200
2019-09-09,7.124885082244873,7.1486964724159305,7.064033976086964,7.07726230190276,37303000
2019-09-10,7.169863224029541,7.236005872766661,7.0852007143865645,7.156634391505099,44109400
2019-09-11,7.109011173248291,7.236004921009167,7.098428108620737,7.236004921009167,51540400
2019-09-12,7.159280300140381,7.180445927971318,7.048160627870869,7.106366482877225,41028300
2019-09-13,7.111658573150635,7.19632160174314,7.095784476064487,7.175155970752126,24709400
2019-09-16,7.423849582672119,7.471472362996189,7.325958760564451,7.439724179198999,167634600
2019-09-17,7.325958728790283,7.34183282062003,7.185736154514062,7.31802143056127,67414800
2019-09-18,7.201611042022705,7.273045220091479,7.201611042022706,7.2412970329242485,40567100
2019-09-19,7.220131874084473,7.368291267923861,7.201611508304726,7.3629997348439336,42155100
2019-09-20,7.143404960632324,7.257170379634771,7.143404960632323,7.236004755492103,51946900
2019-09-23,7.270400524139404,7.2730462908975975,7.12224111807946,7.143406747516595,32643100
2019-09-24,7.214838981628418,7.28627315086314,7.183090293759116,7.254524462993839,36643400
2019-09-25,7.23336124420166,7.2360070111227754,7.085201829018268,7.151344488160837,29038400
2019-09-26,7.3286051750183105,7.3286051750183105,7.204256681031326,7.249233699246726,33705900
2019-09-27,7.318022727966309,7.39474844389789,7.280983005587404,7.288919800595243,31886800
2019-09-30,7.288920879364014,7.312732277168387,7.249235384566208,7.2915666463009945,23143400
2019-10-01,7.278337478637695,7.336542830667518,7.238651988406981,7.302148873701801,32423200
2019-10-02,7.069325923919678,7.2121942835445925,7.040223502410726,7.201611217811629,51261200
2019-10-03,7.074617862701416,7.093137724168355,6.952915627559608,7.0772636292864615,46076300
2019-10-04,7.013766765594482,7.122240672755938,6.950269881253269,7.103720811234964,47951600
2019-10-07,6.923812389373779,7.037577824288986,6.905292528737045,6.976726709445899,26252500
2019-10-08,6.884125709533691,6.995245358740252,6.865605852103975,6.9238111904014055,30418900
2019-10-09,7.016412258148193,7.0666803075622715,6.9185209165527475,6.971435237084614,35141400
2019-10-10,7.074617862701416,7.111657585635293,7.021704044885648,7.034932373182495,31056500
2019-10-11,7.212194442749023,7.238651603037107,7.124886167038197,7.124886167038197,37055300
2019-10-14,7.225423336029053,7.230714869426449,7.127532491319226,7.153989653677806,20809900
2019-10-15,7.302148342132568,7.376227783936291,7.225422629260598,7.225422629260598,30455300
2019-10-16,7.389455318450928,7.400037877723731,7.238650190258584,7.2889182299038575,31381300
2019-10-17,7.318022727966309,7.407976771996536,7.299502866776856,7.389456910807084,31405400
2019-10-18,7.302148342132568,7.405330710146811,7.302148342132568,7.378873550376189,36070900
2019-10-21,7.347126007080078,7.35770856913996,7.302148982911696,7.341834473735941,43337700
2019-10-22,7.55878210067749,7.587885028695359,7.347125818624943,7.355062613809175,64228700
2019-10-23,7.659318447113037,7.693712400271183,7.52703315790299,7.548198783991464,45930600
2019-10-24,7.492639064788818,7.738689795435509,7.468827671201825,7.712232635380144,60529900
2019-10-25,7.738687992095947,7.818058949137944,7.675191125536703,7.725459667465027,74476900
2019-10-28,7.831289291381836,7.847163384931421,7.704295533728483,7.73075218810168,37461800
2019-10-29,7.889496803283691,7.921245503726756,7.741337378682496,7.7783771086756754,49994200
2019-10-30,7.958284854888916,7.960930621852267,7.796896602523664,7.87626809753884,63001200
2019-10-31,8.040299415588379,8.058819274643666,7.841871489204632,7.900077337239317,67070400
2019-11-01,8.050883293151855,8.262539567473008,7.8947866016043715,8.093214548016086,101210200
2019-11-04,8.03236198425293,8.259892311974737,7.926533361541459,8.172584051477564,81023400
2019-11-05,7.844518184661865,8.095860456371836,7.825998323412821,8.045591901104167,92980900
2019-11-06,7.860391616821289,8.122316932669797,7.434433330111298,7.950345653558926,154003100
2019-11-07,8.175230026245117,8.220207040657401,7.815414415575125,7.937116628321139,96329000
2019-11-08,7.942410945892334,8.146130465240399,7.918599547286536,8.056176404869264,61567700
2019-11-11,8.056174278259277,8.056174278259277,7.8815577376630666,7.897431831000451,30570500
2019-11-12,7.995167255401611,8.152300827311091,7.99250391425293,8.000493937698971,41655600
2019-11-13,7.963205337524414,8.02446064206393,7.885970498752902,7.976522039367941,41827700
2019-11-14,7.803408622741699,8.016471284551928,7.7954191094607275,7.957878811263499,44595200
2019-11-18,7.744816303253174,7.949888934423954,7.742152962954566,7.909939845905285,54468100
2019-11-19,7.664919376373291,7.854011996593659,7.651602672708284,7.790093342942535,33740200
2019-11-21,7.949889659881592,7.949889659881592,7.691551215124741,7.704867917832978,53033100
2019-11-22,7.984511852264404,8.080390077216506,7.872654092480368,7.925919885893815,34786000
2019-11-25,7.917931079864502,8.016472660411116,7.891298179069715,7.968533540576566,29868400
2019-11-26,7.77411413192749,7.917930981667211,7.750144572307482,7.8886352483385656,54147800
2019-11-27,7.811398029327393,7.89662288415308,7.760795581282064,7.8167247097490495,33072500
2019-11-28,7.86466646194458,7.867329803050912,7.672909966131702,7.808737314672366,46602800
2019-11-29,7.7634596824646,7.872654101910737,7.726173931818675,7.854011226587774,37699000
2019-12-02,7.742151260375977,7.856672328130631,7.742151260375977,7.830039438981624,31353600
2019-12-03,7.7181854248046875,7.7741145697278045,7.651603423884053,7.768787887738869,29194000
2019-12-04,7.899287223815918,7.899287223815918,7.752807049548488,7.792756141805035,44960000
2019-12-05,8.003153800964355,8.093705334495056,7.862000328327822,7.8939593942914845,50447000
2019-12-06,8.08305549621582,8.146974159960275,8.024463006798117,8.02978968910525,44348600
2019-12-09,8.045767784118652,8.11767645841877,8.021798733998905,8.06973734221869,34694100
2019-12-10,8.107023239135742,8.107023239135742,7.9632058970027595,8.016471692158738,27532700
2019-12-11,8.0963716506958,8.178933194093219,8.059085890706074,8.125667895247947,38458300
2019-12-12,8.248176574707031,8.269482790765167,8.11767593785342,8.16028836996969,47797800
2019-12-13,7.984511852264404,8.248176462902432,7.955216123069236,8.226870247133105,105004400
2019-12-16,7.832703590393066,8.035112857728922,7.832703590393067,8.00315328584214,68871000
2019-12-17,7.949889659881592,7.963205854609561,7.838031897033741,7.893960524467532,40679900
2019-12-18,8.133655548095703,8.141645061204724,7.9099400373989095,7.9232562312341,64201600
2019-12-19,8.152299880981445,8.18958563677403,8.101697420991277,8.109687443509827,39696000
2019-12-20,8.059085845947266,8.149637412259736,7.9951671828997055,8.149637412259736,93064900
2019-12-23,8.123002052307129,8.123002052307129,7.997828105193638,8.040440534337815,21970200
2019-12-26,8.232196807861328,8.237523488720942,8.123002390140483,8.146971946028497,24810500
2019-12-27,8.240821838378906,8.3488272624381,8.178718783921182,8.286724207980374,24995100
2019-12-30,8.149018287658691,8.292125302279441,8.140917686543897,8.248923126354999,22111600
2020-01-02,8.289424896240234,8.289424896240234,8.184119150945396,8.238122123661237,37774500
2020-01-03,8.221921920776367,8.435232594010948,8.221921920776367,8.338027443417165,71595600
2020-01-06,8.319125175476074,8.354227258479733,8.0869136537285,8.216520156333257,81844000
2020-01-07,8.286725044250488,8.338027303974313,8.227321668765267,8.321826617483135,32822000
2020-01-08,8.235420227050781,8.308324070696026,8.16521658298615,8.286722989061554,48215600
2020-01-09,8.208420753479004,8.267824128757649,8.167918779886632,8.227321640154742,36102700
2020-01-10,8.173317909240723,8.219220276176078,8.135515626757783,8.205719277071292,25397500
2020-01-13,8.189518928527832,8.216520412832692,8.157117044359907,8.1949193283909,30676800
2020-01-14,8.100414276123047,8.173318128210667,8.038311223608616,8.162517328637477,39796500
2020-01-15,7.978908061981201,8.081513600533754,7.976208377028671,8.073413000644715,34405700
2020-01-16,7.970810413360596,8.019412997529116,7.919507628403754,7.992411504656534,28997400
2020-01-17,8.05991268157959,8.05991268157959,7.976208541046882,8.024810596349088,34908000
2020-01-20,8.100414276123047,8.127415760045551,8.005909339899517,8.019410339366004,31241400
2020-01-21,7.997809410095215,8.084213748311937,7.978908010476137,8.046411464084262,28577400
2020-01-22,7.908705234527588,8.049112033061828,7.903304834388828,8.02751094751729,32491500
2020-01-23,8.005908966064453,8.03561064849334,7.781797535490328,7.85470138417371,53752100
2020-01-24,7.911405563354492,8.041012602178622,7.868203388749963,7.981609225839486,36898700
2020-01-27,7.568488597869873,7.733196700449144,7.471283444536782,7.730496500077607,66105300
2020-01-28,7.776396751403809,7.868201478907375,7.673791740375927,7.676491940009611,47259100
2020-01-29,7.789898872375488,7.852001927870226,7.741296301984651,7.830400842697687,42297500
2020-01-30,7.8142008781433105,7.841202365851502,7.608990292575816,7.635991780284007,44266800
2020-01-31,7.681893348693848,7.78719857319274,7.644091063865395,7.730495403455306,55446700
2020-02-03,7.608989715576172,7.7574971141939,7.603589315441945,7.7007944578160235,39452800
2020-02-04,7.730494976043701,7.841201109409237,7.71159409217973,7.735895375722109,57658400
2020-02-05,7.665692329406738,7.88980378362824,7.665692329406737,7.843901412763089,67994500
2020-02-06,7.879003047943115,7.96810758452668,7.592788553918702,7.7493965429143765,126114000
2020-02-07,7.811498165130615,7.924903965017105,7.7574952070854755,7.830399045943301,54514600
2020-02-10,7.86550235748291,7.865502357482909,7.73319564735822,7.800699102422479,45328100
2020-02-11,7.960007190704346,8.000509160197026,7.900604336449113,7.9384061059742175,37518200
2020-02-12,8.135516166687012,8.176018651678934,8.000509256741914,8.003209456742075,64851000
2020-02-13,8.024810791015625,8.15711750507054,8.003209705353813,8.038311791435824,55277100
2020-02-14,7.943806171417236,8.089613358453436,7.92220508759667,8.062612389935577,30399900
2020-02-17,7.927605628967285,8.038311249902252,7.914104629456635,8.000508966282904,38684900
2020-02-18,8.032912254333496,8.038312655081802,7.816901374506904,7.84660254860146,33890900
2020-02-19,8.248923301696777,8.248923301696777,8.035612617911971,8.065314307620334,44181800
2020-02-20,8.078814506530762,8.340727758672164,8.032912130896646,8.316426470688777,73522900
2020-02-21,7.868202209472656,8.014009913167353,7.838501040765211,7.968107545153519,47805100
2020-02-26,7.077061176300049,7.3956775303436855,7.028459126793935,7.30117311601755,89207100
2020-02-27,6.831349849700928,7.163467259627396,6.720644218062279,6.944755681502778,100112100
2020-02-28,6.84214973449707,6.901552585104561,6.647739983864002,6.79354716808619,89095300
2020-03-02,7.163465976715088,7.222868824635438,6.87995119048015,6.88535158983939,71596400
2020-03-03,7.0338592529296875,7.419979067626002,6.9555555190809635,7.174266551912066,86855700
2020-03-04,7.260672092437744,7.27417309362934,7.08516319703127,7.2660724929143825,42320500
2020-03-05,6.828649997711182,7.2012688559503095,6.672041482134879,7.109464112686515,69722300
2020-03-06,6.1644158363342285,6.515433616051223,6.088811777082799,6.507333530602851,138597600
2020-03-09,4.333722114562988,4.9223523937769205,4.160913414247174,4.80894655544203,254813800
2020-03-10,4.74144172668457,5.035756781511107,4.420125706469503,5.035756781511107,170478000
2020-03-11,4.279719352722168,4.625336729086523,4.050207491848642,4.509231213595695,132482400
2020-03-12,3.402174472808838,3.7423917140855107,2.991753314118515,3.6883889978118534,151535900
2020-03-13,4.158212661743164,4.158212661743164,3.4291754103343295,4.077208722979592,174972600
2020-03-16,3.5344815254211426,3.8071955902065597,3.388674048977354,3.4858789474381173,126432800
2020-03-17,3.510178804397583,3.736990399113333,3.510178804397583,3.6721871599103135,149228500
2020-03-18,3.0484566688537598,3.313070402895656,2.9350508196222758,3.18346360770026,162515200
2020-03-19,3.2968685626983643,3.5290803418279646,2.929649881341157,2.989052732917538,157065200
2020-03-20,3.240166425704956,3.6451872289180756,3.194264047407046,3.5398817273807595,149029900
2020-03-23,3.105158567428589,3.2887680259912524,3.045755461863277,3.269866885694663,107092400
2020-03-24,3.577683210372925,3.655987209960122,3.315769725889436,3.3940737254766336,114259200
2020-03-25,3.8665974140167236,3.9935039681933695,3.4642769262604753,3.5749825396358657,158286200
2020-03-26,3.8854994773864746,4.101510356006828,3.7288914616340785,3.8881994202402694,130618400
2020-03-27,3.5911829471588135,3.6964881454612524,3.5776822080801165,3.591182947158813,101405900
2020-03-30,3.6127843856811523,3.7099892531975884,3.464276756068804,3.5506810827500805,110947200
2020-03-31,3.7774932384490967,3.9260008893166707,3.6721880146107333,3.6721880146107333,156116500
2020-04-01,3.8611979484558105,3.928701408192782,3.596584252384146,3.631686082348003,114455000
2020-04-02,4.187914848327637,4.468728982713477,4.052907924197193,4.158213160215565,234951200
2020-04-03,4.1420111656188965,4.417425327481259,4.031305563989778,4.401224130893792,142898700
2020-04-06,4.25811767578125,4.3472222076360625,4.098809495342275,4.333721208863852,123934200
2020-04-07,4.428226947784424,4.609136244240149,4.412026261313765,4.484930122947536,140498900
2020-04-08,4.676639080047607,4.7333422476287055,4.428226355668127,4.455227839515771,116151600
2020-04-09,4.541633129119873,5.046559283521514,4.4552287746793,4.844048884672455,185771300
2020-04-13,4.571333885192871,4.614536053587225,4.409325496208808,4.541632201292826,93724000
2020-04-14,4.517330646514893,4.671238426573886,4.484929279665862,4.595634893919189,91017200
2020-04-15,4.422826290130615,4.447127575928902,4.2824192330258795,4.3310220621277065,86749600
2020-04-16,4.244617462158203,4.52543183389737,4.193314690467298,4.501130548096968,115633300
2020-04-17,4.355322360992432,4.355322360992432,4.201414835125597,4.252717343747875,116733000
2020-04-20,4.30672025680542,4.409325536430591,4.142011923923171,4.1798136928604395,133739400
2020-04-22,4.522731304168701,4.522731304168701,4.260817837139257,4.279718978887104,114967100
2020-04-23,4.576733589172363,4.706340074650738,4.487629066029681,4.644237031401983,94759000
2020-04-24,4.30672025680542,4.533532157955222,4.125810981874886,4.506530673709826,161188800
2020-04-27,4.441728115081787,4.463329202853778,4.2608185543571215,4.358023449331083,85944900
2020-04-28,4.65773868560791,4.65773868560791,4.490329880158242,4.601036027075126,91613600
2020-04-29,4.91425085067749,4.989854377142732,4.733341603047891,4.8062449299950325,94528400
2020-04-30,4.873748302459717,4.973653623143604,4.7792438957443535,4.854847421116644,80263900
2020-05-04,4.692841053009033,4.757644838042725,4.638838585495103,4.7063420561454725,60268400
2020-05-05,4.844048500061035,4.989855707849947,4.825147613404188,4.833247699108245,75043400
2020-05-06,4.665839195251465,4.876449654283695,4.665839195251465,4.825147397089466,67937500
2020-05-07,4.709041118621826,4.825147142479933,4.684739833860339,4.792745257794455,81265100
2020-05-08,4.989855766296387,5.016857253984095,4.781944980614735,4.79004558142421,83232700
2020-05-11,4.900750160217285,5.1113611007346,4.889949876478424,4.941252125506268,65061500
2020-05-12,4.898049831390381,5.08435948482007,4.89534963177425,5.003355556377814,71837200
2020-05-13,4.749542713165283,4.954753259940555,4.730641829845663,4.930451977098059,87222300
2020-05-14,4.698241710662842,4.717142601074735,4.514632178071934,4.698241710662842,119653200
2020-05-15,4.6307373046875,4.911551948627086,4.6307373046875,4.857548974020078,133733100
2020-05-18,5.006056308746338,5.006056308746338,4.838647519134415,4.8872500875704725,116999500
2020-05-19,5.043858528137207,5.11136198699341,4.970954668969982,4.997956155514568,80131600
2020-05-20,5.21126651763916,5.249068802629198,5.146463262669724,5.154563862669837,74595100
2020-05-21,5.181565761566162,5.338173769004858,5.149163873987918,5.265269908211708,81327000
2020-05-22,5.041158199310303,5.103261256270356,4.954753856581445,5.0762597704149615,71259400
2020-05-25,5.25986909866333,5.281470183698499,5.200466243569238,5.25986909866333,38033000
2020-05-26,5.3111724853515625,5.424578323704678,5.219367734541395,5.3948766352041675,68716900
2020-05-27,5.381376266479492,5.381376266479492,5.170765272065118,5.346274176571815,74790800
2020-05-28,5.338175296783447,5.421879467385013,5.251770925193356,5.316574203885924,65023000
2020-05-29,5.492081165313721,5.492081165313721,5.211266544014417,5.278769999325538,128832600
2020-06-01,5.489381313323975,5.551484372544991,5.400276767264531,5.44077874001691,86579500
2020-06-02,5.778295993804932,5.778295993804932,5.562285130769625,5.602787103212429,77235100
2020-06-03,5.797196388244629,5.916002610342546,5.7809957036437005,5.902502125676852,86219700
2020-06-04,5.786396026611328,5.880900963046618,5.681090805589118,5.7755952270139375,107401400
2020-06-05,5.967306137084961,6.218419097843981,5.956505335972058,6.018608912350165,114137700
2020-06-08,6.083411693572998,6.099612378952399,5.943004380256851,6.088811578692463,82444400
2020-06-09,5.864699840545654,5.95110469342627,5.84309875607812,5.948404493491519,96488300
2020-06-10,5.778295993804932,5.913302911954628,5.670290562287278,5.910602711790371,102551100
2020-06-12,5.562283992767334,5.716191765567911,5.427277102239052,5.567684391990966,116746700
2020-06-15,5.589287281036377,5.694592524893017,5.276071234940737,5.348974587989635,99931000
2020-06-16,5.770194053649902,5.916001210580339,5.716191097743605,5.821496295249494,94510600
2020-06-17,5.789096832275391,5.899802464680412,5.710792572032045,5.79989711799244,63268700
2020-06-18,5.832298755645752,5.87820112675309,5.691891442257365,5.718892927910594,56893300
2020-06-19,5.797196388244629,5.999706748292896,5.729692934895206,5.940303894749176,91139800
2020-06-22,5.656789779663086,5.832298661046585,5.643288779550205,5.832298661046585,45419000
2020-06-23,5.845799446105957,5.959205277820714,5.708092327951571,5.729693414230072,78950900
2020-06-24,5.670291900634766,5.8214995404487135,5.591987622420891,5.8025986498483,65162400
2020-06-25,5.797196388244629,5.797196388244628,5.597386228131596,5.645988796944856,47263500
2020-06-26,5.62708854675293,5.797197041765271,5.610887860325691,5.726993380566524,55499300
2020-06-29,5.848499298095703,5.848499298095704,5.651389333162373,5.697291703147853,59809600
2020-06-30,5.8187971115112305,5.886300560670342,5.694591012263479,5.76209446142259,65010600
2020-07-01,5.861999988555908,6.0078077036241915,5.810697731781964,5.872800788936007,78983900
2020-07-02,5.956502437591553,5.997004392035966,5.902500003335766,5.967303233448886,56345900
2020-07-03,5.934903144836426,5.988906110335044,5.886300578889758,5.926803060518946,24060000
2020-07-06,6.078010559082031,6.172515489896127,6.024007594328138,6.045608677227607,58070900
2020-07-07,6.002407550811768,6.067210810731576,5.978106263965524,6.032109238070628,46591300
2020-07-08,6.1158127784729,6.1455144627889355,6.048309325034986,6.061810324728857,49136300
2020-07-09,5.978106498718262,6.159015799560756,5.9565054112300775,6.150915713634281,57151500
2020-07-10,6.078010559082031,6.1158123254034935,5.95650414589099,5.991606227484153,57428300
2020-07-13,5.9835052490234375,6.115811937773177,5.9835052490234375,6.105011654513202,55425500
2020-07-14,6.183315753936768,6.1995164373066105,5.902501677147593,5.975405009817105,89380500
2020-07-15,6.302122592926025,6.326423877899584,6.169815883075813,6.264320822971819,58390600
2020-07-16,6.134713649749756,6.2859217559308025,6.080711196122649,6.253519871746156,69698700
2020-07-17,6.1401143074035645,6.218418563714558,6.096912136683878,6.1644155928097,49927600
2020-07-20,6.1401143074035645,6.186016678169544,6.0807114514166205,6.129314022228892,48679800
2020-07-21,6.310222148895264,6.372325193548088,6.2481185892320354,6.250818788783515,101769600
2020-07-22,6.223818302154541,6.3210234414887925,6.213018017234339,6.291321756689885,43085500
2020-07-23,6.094333648681641,6.272546290799255,6.08623340178043,6.253645028002051,64072100
2020-07-24,6.137536525726318,6.226642844513052,6.0538307147498776,6.086233246590859,43380300
2020-07-27,6.264447212219238,6.27794796958634,6.06193276158742,6.175340874542074,56539600
2020-07-28,6.15643835067749,6.296848476452514,6.15643835067749,6.221243420281977,48353000
2020-07-29,6.256344318389893,6.277945831834085,6.188839524499204,6.218541798617732,44011500
2020-07-30,6.161840438842773,6.188842472264344,6.075434343910509,6.188842472264344,57859000
2020-07-31,5.994426727294922,6.248244416390298,5.983625711578127,6.188840375010252,75397300
2020-08-03,5.886417388916016,6.08893175571387,5.864815877058405,6.086232017374752,63598500
2020-08-04,5.881019115447998,5.953923917379786,5.737908735691492,5.7946125277518625,63011900
2020-08-05,6.259045124053955,6.286047146996202,6.002526678633744,6.002526678633744,137214700
2020-08-06,6.2698469161987305,6.353553256070506,6.213143119854164,6.286048442315056,56375100
2020-08-07,6.153738975524902,6.186140997222827,6.088933902087355,6.172640240685499,56040200
2020-08-10,6.331949710845947,6.331949710845946,6.113233813424715,6.183438859076145,52390100
2020-08-11,6.2320451736450195,6.448060398979662,6.226644664256423,6.402157099218435,66342300
2020-08-12,6.34005069732666,6.394054743376968,6.232043120246796,6.307648681713077,67008500
2020-08-13,6.167238712310791,6.367052863144935,6.13213592708462,6.331950592939527,44588200
2020-08-14,6.121335506439209,6.205041317266913,6.083532981875879,6.148337530421918,38422000
2020-08-17,6.102434158325195,6.1672387059597416,5.980925309622445,6.124035674203378,52064300
2020-08-18,6.215842247009277,6.275246286934077,6.14833744549533,6.1915404772625955,49361300
2020-08-19,6.180739879608154,6.296848228464011,6.1429373530116615,6.196941403881622,51982100
2020-08-20,6.137536525726318,6.175339565377592,6.034929452434627,6.0808327387805665,55251700
2020-08-21,6.091634273529053,6.110535539053084,6.0349304769569585,6.086234279822801,38668300
2020-08-24,6.202341079711914,6.245544112189795,6.156437793326568,6.1726393167713525,51841900
2020-08-25,6.1753411293029785,6.250946197711213,6.126737576742883,6.234745185198149,37981400
2020-08-26,5.999826908111572,6.183440060883618,5.951223880925553,6.151038042759605,69925300
2020-08-27,5.980926513671875,6.067332594579431,5.951224745247944,6.026829808531622,35489800
2020-08-28,6.086233615875244,6.086233615875244,5.956623995667982,6.00792779293709,31071000
2020-08-31,5.910721302032471,6.056531946323027,5.910721302032472,6.0268296635925385,48539700
2020-09-01,6.1753411293029785,6.180741123460065,5.972826670316518,5.994428192007571,66299700
2020-09-02,6.15643835067749,6.2374444301726895,6.080833294506953,6.1915411396316555,53618000
2020-09-03,6.178040027618408,6.242845098888078,6.094334206841263,6.105135223726485,87642400
2020-09-04,6.188841342926025,6.218543625771782,6.097034755058102,6.210442862717252,52351100
2020-09-08,6.010627269744873,6.075431813957936,5.916120449634714,6.075431813957936,74490200
2020-09-09,6.137536525726318,6.148337541346903,6.0727319770651285,6.0727319770651285,42143500
2020-09-10,5.972825527191162,6.097034124387493,5.970125273118963,6.097034124387493,58350000
2020-09-11,5.908020973205566,6.010628576787698,5.872918697256425,5.97282604653157,71013700
2020-09-14,5.8540167808532715,5.935022340967418,5.78651197575122,5.924221839961901,46453300
2020-09-15,5.851317882537842,5.962025747353437,5.818915341972368,5.93502371605236,58546700
2020-09-16,5.867516994476318,5.937722047107208,5.832414725671245,5.899919524544707,50379500
2020-09-17,5.980926513671875,5.986327022483813,5.794613079826913,5.808114351856761,60432200
2020-09-18,5.845916748046875,5.980926375091935,5.818914719633693,5.937723335639184,64243500
2020-09-21,5.643401622772217,5.7946122425106426,5.619099851650942,5.748709469304671,73300000
2020-09-22,5.616400718688965,5.76491162907571,5.602899960936032,5.659603761523427,47207700
2020-09-23,5.462487697601318,5.659601568533207,5.4543874520966105,5.616398542439113,57106300
2020-09-24,5.508391857147217,5.592097669198601,5.4165852832763655,5.465188824151614,76310000
2020-09-25,5.435486793518066,5.470589581314541,5.3652822479667215,5.4408873016438015,40150400
2020-09-28,5.30047607421875,5.551593984424909,5.30047607421875,5.489489699003364,48797400
2020-09-29,5.2140703201293945,5.362581180948372,5.197869313229029,5.3004763769589776,52878100
2020-09-30,5.295077800750732,5.411186163799453,5.2464742520307235,5.265375517639424,69505000
2020-10-01,5.359880447387695,5.416584223972256,5.165466321907653,5.303176155782458,77537300
2020-10-02,5.13576602935791,5.330179695272291,5.13576602935791,5.327479441090321,85306000
2020-10-05,5.408486366271973,5.443588646078769,5.195170887764738,5.227573427988701,73288500
2020-10-06,5.381484508514404,5.5893994845080615,5.381484508514404,5.527294656664387,77064600
2020-10-07,5.343679904937744,5.413884439643169,5.281575101127989,5.40038368643537,53521000
2020-10-08,5.51919412612915,5.559696914381747,5.362582967203786,5.411186519115261,78070400
2020-10-09,5.34637975692749,5.505691120257033,5.34637975692749,5.492190366762963,67962300
2020-10-13,5.435486793518066,5.435486793518066,5.3274792061073795,5.376082749197389,55330600
2020-10-14,5.392283916473389,5.5002920220680265,5.392283916473389,5.424686451155943,44584300
2020-10-15,5.332879543304443,5.338280051257081,5.2491737301216865,5.297777271653863,56952100
2020-10-16,5.219471454620361,5.322078530679816,5.216771200642377,5.311278029788666,49929000
2020-10-19,5.27077579498291,5.384183898676915,5.197870475103726,5.241073513175649,107419300
2020-10-20,5.4489874839782715,5.473289252937203,5.28967611636783,5.311277631551242,68407700
2020-10-21,5.443587779998779,5.489491070917274,5.354481452335914,5.443587779998779,60594900
2020-10-22,5.627200603485107,5.627200603485107,5.4138851718123675,5.42738644186679,98926900
2020-10-23,5.554295539855957,5.708206420247366,5.546195292480082,5.65420288266521,61711200
2020-10-26,5.467889308929443,5.5434948773739805,5.408485264807822,5.489490826339197,58229100
2020-10-27,5.367982387542725,5.500292271391568,5.349081122713129,5.470589989504582,48978400
2020-10-28,5.041259288787842,5.2491742295596335,5.041259288787842,5.224872456481329,79247400
2020-10-29,5.2086710929870605,5.230272610367678,4.790140985583991,4.97645439487982,86794800
2020-10-30,5.114163875579834,5.2761755012251905,5.095262613675015,5.168167407447779,64185100
2020-11-03,5.305878162384033,5.373382974920778,5.219472084740334,5.2680756321701265,66292400
2020-11-04,5.324779510498047,5.41928635252691,5.20327115505024,5.403085341471375,65777600
2020-11-05,5.3706841468811035,5.397686182070759,5.3247808415649835,5.386885677007487,40874800
2020-11-06,5.332879543304443,5.386883592789258,5.276175754864094,5.278875493819628,37273300
2020-11-09,5.8351149559021,6.126735665258841,5.681204097494478,5.700105358699521,164904100
2020-11-10,6.2320451736450195,6.250946441484185,5.889120552782969,5.910722075316433,163732600
2020-11-11,6.178040027618408,6.307649655136917,6.048430915120732,6.3049494009156115,93072900
2020-11-12,5.916120529174805,6.16183795575236,5.878318006630795,6.140236440724247,77275000
2020-11-13,6.110535144805908,6.1564384359829925,5.910720969982373,5.945823759422933,66065200
2020-11-16,6.288747310638428,6.380553363292752,6.2455437655377395,6.264445541840866,101583300
2020-11-17,6.396754741668701,6.51826306789722,6.205040849366631,6.223942110223018,94082100
2020-11-18,6.35895299911499,6.515564140253925,6.358952999114991,6.477761610847545,68540400
2020-11-19,6.431858062744141,6.464260597389307,6.3103497166216025,6.358952746058128,65382100
2020-11-23,6.777482986450195,6.777482986450194,6.491262737968664,6.493962477134181,125649000
2020-11-24,7.079904079437256,7.201412939876555,6.923292945438167,6.923292945438167,153293500
2020-11-25,7.088005065917969,7.155509876069568,6.931393926967091,7.074504309895981,73971200
2020-11-26,6.971895217895508,7.006998000073139,6.9016901685609655,7.004297746442497,41935900
2020-11-27,6.885490894317627,7.036701530536019,6.871990137788089,6.998899000236634,49863500
2020-11-30,6.723479270935059,6.988098014256177,6.707278260022971,6.820686366449285,90207700
2020-12-01,6.912491798400879,6.958395084166454,6.828785988482748,6.8584877510222855,58866000
2020-12-02,6.99619722366333,7.15550858814829,6.839586112900914,6.912491418347401,88093300
2020-12-03,7.1933112144470215,7.260816013426504,7.033999847653783,7.061001870249725,62424500
2020-12-04,7.433631420135498,7.444431924187637,7.306722021131538,7.341824818098098,61652400
2020-12-07,7.290517807006836,7.503833204866235,7.201411498855358,7.363423108681874,72664200
2020-12-08,7.198713302612305,7.3283224215065745,7.144709245562596,7.239216087889156,46276700
2020-12-09,7.274317741394043,7.2824179881695965,7.128507119184751,7.190611414560956,52448300
2020-12-10,7.511934757232666,7.614542351146171,7.325621347773469,7.341822872088738,97537100
2020-12-11,7.444431304931641,7.517336632547552,7.366125983249319,7.422829783603321,48334300
2020-12-14,7.457932472229004,7.633444894918269,7.457932472229004,7.568640331849351,53159500
2020-12-15,7.520036220550537,7.557838750769233,7.457931916613864,7.457931916613864,47208200
2020-12-16,7.611841678619385,7.625342433119083,7.417427517690811,7.520035105963285,59399200
2020-12-17,7.6253437995910645,7.665846585369082,7.579440505037082,7.6415448108980994,39297700
2020-12-18,7.587541103363037,7.646945153545529,7.565939583749326,7.587541103363037,44707900
2020-12-21,7.2959184646606445,7.422827295548379,7.160908872857245,7.341821746474629,99988800
2020-12-22,7.366126537322998,7.417429832448687,7.304021708189327,7.3445250143698315,46513200
2020-12-23,7.5470404624938965,7.628046055302872,7.3850287618549455,7.406630287605405,49038900
2020-12-28,7.609142303466797,7.700948886725298,7.609142303466798,7.657745849311984,36313300
2020-12-29,7.633444309234619,7.676647347965769,7.557838733944685,7.663146076474256,29891100
2020-12-30,7.652346134185791,7.692848921582024,7.614543601285424,7.655046388681658,36968200
2021-01-04,7.806255340576172,7.879160651074274,7.703648267113517,7.736050283987715,74719700
2021-01-05,8.11137866973877,8.149181200642948,7.625343701586715,7.803556368736211,95181100
2021-01-06,8.127578735351562,8.343593908276064,8.114077465155782,8.1437797445657,96562500
2021-01-07,8.370595932006836,8.411098712544645,8.192383285623839,8.192383285623839,56171300
2021-01-08,8.402997970581055,8.575810098709566,8.195083057038463,8.49480402738375,67136300
2021-01-11,8.332794189453125,8.386797730243899,8.208585067094736,8.265289377199021,48744700
2021-01-12,8.270689010620117,8.521806983673896,8.270689010620117,8.402998890095128,65691900
2021-01-13,7.871059894561768,8.33279301300165,7.830557115931792,8.28418947263737,93826600
2021-01-14,7.952066421508789,8.011470465894513,7.754951994870048,7.876460852728121,50745400
2021-01-15,7.592939376831055,7.852157535887586,7.568637610041917,7.844056775284306,80673300
2021-01-18,7.579440593719482,7.790055803258659,7.563239582222891,7.644245154726721,68855700
2021-01-19,7.746851921081543,7.7927552111863445,7.4633314180739525,7.6901476144717,61656000
2021-01-20,7.61724328994751,7.862961297223415,7.590241775210732,7.817058001141659,60306200
2021-01-21,7.439030170440674,7.668546637146538,7.428229668194966,7.565939548218484,41284900
2021-01-22,7.314821243286133,7.355324026229279,7.171710860864801,7.271618206144,51181900
2021-01-26,7.290517807006836,7.552436224295551,7.2419142725568095,7.358022601516158,64514600
2021-01-27,7.398528575897217,7.606443556537061,7.163612077789078,7.239217150733797,68337800
2021-01-28,7.495733261108398,7.682046658466989,7.374224411739585,7.376924665616755,67827000
2021-01-29,7.20681095123291,7.474129836562575,7.206810951232909,7.430926815601455,67555300
2021-02-01,7.433631420135498,7.47413421161766,7.24461770652416,7.360726086455045,44449500
2021-02-02,7.738752365112305,7.868361493252953,7.614543746066072,7.668547291947562,91663000
2021-02-03,7.814356803894043,7.868360341873177,7.738751232698273,7.825157305481542,47486800
2021-02-04,7.781955242156982,7.827858538440513,7.617243323430043,7.784655496646706,41444100
2021-02-05,7.787354946136475,8.124878997147865,7.646944817310736,7.825157475043084,121098700
2021-02-08,7.590240478515625,7.911562981173215,7.5065341490649455,7.698248064073672,98821700
2021-02-09,7.436330318450928,7.660446273127145,7.393126765060274,7.574039681366679,63662200
2021-02-10,7.506532669067383,7.571337722645956,7.3229200673303945,7.490331663183085,52949900
2021-02-11,7.5821404457092285,7.695548550207863,7.525436650970333,7.598341456345936,61158600
2021-02-12,7.679347515106201,7.69284827142364,7.4552315610991835,7.509235101389776,47801100
2021-02-17,7.989869594573975,7.992569848858183,7.59564122443385,7.700949081434614,54973400
2021-02-18,7.903461456298828,8.348992996579444,7.841357169021681,8.2031823933854,105539200
2021-02-19,7.379623889923096,7.692846085684767,7.336420863957395,7.568637514788553,215834800
2021-02-22,5.851317882537842,6.264447570887853,5.778412552531209,6.156439445683548,490230400
2021-02-23,6.496664047241211,6.550668111865103,6.132137898582265,6.223944499430323,293503100
2021-02-24,6.5884690284729,6.750480667496989,6.483161694866604,6.628971809473722,155246400
2021-02-25,6.261746883392334,6.8179864236506615,6.237445108403394,6.750481607574913,170233000
2021-02-26,6.005228519439697,6.323851341315422,5.932323192735071,6.264447287160293,159881000
2021-03-01,5.940423011779785,6.22124325591027,5.918821494155964,6.156438188018001,90330100
2021-03-02,5.937722682952881,6.029529260453627,5.58129738913624,5.89721990229568,147772300
2021-03-03,5.721708297729492,5.910721471844226,5.52999435417528,5.886419697097623,185688500
2021-03-04,5.999826908111572,6.048430450318383,5.702806176884688,5.751409204070707,127843200
2021-03-05,6.045729637145996,6.26984554935538,6.018728129546903,6.059230905966287,126306300
2021-03-08,5.6974053382873535,6.016028083137793,5.659602299308323,5.924221512078488,141142800
2021-03-09,5.829715251922607,5.9269223401132205,5.632601336443476,5.767610952254522,122648000
2021-03-10,6.032229423522949,6.032229423522948,5.827014754264582,5.924221838392437,111744100
2021-03-11,6.288747310638428,6.3427508407279864,6.105134175288292,6.107834429045882,130577500
2021-03-12,6.256344318389893,6.3130480980481325,6.172638518171236,6.250943811273668,68123200
2021-03-15,6.385954856872559,6.391355365221638,6.237444482418638,6.2401447365931775,68295000
2021-03-16,6.286046504974365,6.394054070691306,6.27254523737181,6.380552803088752,43407900
2021-03-17,6.502062797546387,6.515563552539207,6.2401443395318275,6.248244586519204,77966400
2021-03-18,6.275246620178223,6.453459264437286,6.2293433321102345,6.448058756424396,77198900
2021-03-19,6.480461597442627,6.491262613981689,6.259045908600001,6.283347680792076,90244500
2021-03-22,6.350853443145752,6.421058516133658,6.272547606536624,6.396756740290887,44129300
2021-03-23,6.15643835067749,6.3805542950788166,6.15643835067749,6.256345694215323,57124700
2021-03-24,6.161840438842773,6.356254667461319,6.161840438842773,6.261747807996298,63338300
2021-03-25,6.264447212219238,6.291448726953442,5.9836269267997615,6.129437578464692,79214500
2021-03-26,6.334650993347168,6.448059092423448,6.240144673300948,6.3400515016414705,60918600
2021-03-29,6.434558868408203,6.434558868408203,6.286048483188894,6.302249494389707,50099700
2021-03-30,6.434558868408203,6.477761908290943,6.364353799843537,6.383255065414628,41959100
2021-03-31,6.5074639320373535,6.542566207410521,6.421057855714936,6.4264578492194575,68609400
2021-04-01,6.450760364532471,6.585770003070335,6.421058594268352,6.558768487379481,47232900
2021-04-05,6.4912638664245605,6.534466910874898,6.394056758900845,6.5155651282845755,40454400
2021-04-06,6.4858622550964355,6.580369091906679,6.456159973950718,6.529065292206119,45934300
2021-04-07,6.480461597442627,6.572268177941396,6.461560333520083,6.464260587654849,55892200
2021-04-08,6.399455547332764,6.491262120857224,6.310349227737937,6.475060597279418,63231300
2021-04-09,6.385954856872559,6.421057646120751,6.31034980006874,6.34545207429611,47494400
2021-04-12,6.450760364532471,6.580370008944704,6.421058594268352,6.469661631524429,50592900
2021-04-13,6.472360134124756,6.51016317289684,6.396755086622104,6.475060387967101,53612300
2021-04-14,6.57496976852417,6.637074081184841,6.4750624053136345,6.534466978311598,90836500
2021-04-15,6.444579601287842,6.651118683071749,6.425042199712295,6.614835013339201,64193600
2021-04-16,6.405503273010254,6.486443993459299,6.366427946808585,6.45574206551959,59567300
2021-04-19,6.776715278625488,6.946970114444144,6.355263823419402,6.405503147296888,196519100
2021-04-20,6.648327350616455,6.863239826221975,6.631581082960801,6.7906719565751406,94965400
2021-04-22,6.6176252365112305,6.751596971179734,6.600878969310506,6.737641304883933,46600100
2021-04-23,6.612042427062988,6.681819150131835,6.561803101276756,6.665072353300324,60341000
2021-04-26,6.637164115905762,6.71252259523363,6.589715908441535,6.656701519152036,33281000
2021-04-27,6.447369575500488,6.7460138769845015,6.447369575500488,6.648326354316249,76684900
2021-04-28,6.681820869445801,6.723686807588895,6.519938851566028,6.531102853305519,66374200
2021-04-29,6.592506408691406,6.779508086923985,6.536684805618834,6.732059884018577,49775900
2021-04-30,6.592506408691406,6.679029414335059,6.49761000288059,6.531102538840725,61039200
2021-05-03,6.53947639465332,6.645536809055974,6.503192190421727,6.642745675472444,49039900
2021-05-04,6.388758182525635,6.598088403786416,6.385967049026311,6.570178133501736,44765000
2021-05-05,6.651117324829102,6.6846103866576625,6.452951683768769,6.466906815657411,75611900
2021-05-06,6.559012413024902,6.656699938413132,6.53110161543481,6.617624608845329,54091600
2021-05-07,6.804625988006592,6.8241639181847855,6.547847618703277,6.598086945881732,74118200
2021-05-10,6.893940448760986,6.972090037853092,6.8604473874685485,6.92185071209151,73804500
2021-05-11,7.019538879394531,7.02512114551808,6.787880158809245,6.821373223196338,73729900
2021-05-12,6.9162702560424805,7.125600463802619,6.891150588522924,6.9637184577622815,89980700
2021-05-13,6.97488260269165,7.005584537483715,6.818582860062906,6.910688132084841,77282100
2021-05-14,7.340513229370117,7.362841766075373,7.1311829981254835,7.200959741873695,196135500
2021-05-17,7.4409918785095215,7.4409918785095215,7.3126029260986645,7.340513197593682,83512600
2021-05-18,7.35446834564209,7.480066155551239,7.332139810612401,7.4521558860298285,63510600
2021-05-19,7.298645496368408,7.354467090593744,7.200957972651159,7.21491363738458,84700500
2021-05-20,7.237241744995117,7.3349292629945415,7.178629021253806,7.298645069165599,71371100
2021-05-21,7.242825508117676,7.3433036473215365,7.240034374757256,7.2791091770946315,82884500
2021-05-24,7.365631580352783,7.401915778720926,7.253988916824291,7.3349301806038305,63029600
2021-05-25,7.212124347686768,7.4298279819804804,7.1953780780808865,7.3907526430943395,63672000
2021-05-26,7.2818989753723145,7.307018638656338,7.159091791800887,7.2316596488042695,46646900
2021-05-27,7.231661319732666,7.326557729097895,7.192586515530847,7.279109524415281,48877800
2021-05-28,7.533095836639404,7.5414692360311095,7.29864597721378,7.312601642866621,129526400
2021-05-31,7.499603271484375,7.591708534979637,7.474483605771647,7.524722404842892,46298900
2021-06-01,7.616828441619873,7.731262241328963,7.53867830889118,7.647529842186602,90744900
2021-06-02,7.778709411621094,7.8345304713071675,7.608454035017136,7.6335736981998235,103985100
2021-06-04,7.9545488357543945,7.988041907193468,7.792666810566548,7.831741616950208,102757300
2021-06-07,7.895935535430908,7.968502870874847,7.817785401104972,7.954547736909682,74548900
2021-06-08,7.999203205108643,8.038277998282103,7.803828174533079,7.8624408966474,88398600
2021-06-09,7.999203205108643,8.116428116983153,7.960128411935182,8.015949468989534,60724200
2021-06-10,8.004786491394043,8.1024740191402,7.974084560068458,8.046652422612626,35871000
2021-06-11,7.974084854125977,8.052234985675655,7.887561855436336,8.038279319852025,54894400
2021-06-14,8.024325370788574,8.191789658910674,7.985250565423327,8.066191309730526,64286600
2021-06-15,8.102473258972168,8.11084612501783,7.990830076391299,8.082935329372612,42597100
2021-06-16,8.13317584991455,8.175042315710087,8.02990658291627,8.116429583008872,77432900
2021-06-17,7.851276397705078,8.14992121019278,7.789873074989716,8.096890753274797,95264600
2021-06-18,7.904308795928955,7.932219597601452,7.714515983381092,7.814994656460375,115250700
2021-06-21,8.080145835876465,8.0941009694338,7.926636704974671,7.926636704974671,50709600
2021-06-22,8.122011184692383,8.169459380670318,8.00199512825677,8.094100387231094,41602700
2021-06-23,8.17783260345459,8.239236467014768,8.09410073977788,8.163877470293206,57278500
2021-06-24,8.275520324707031,8.275520324707031,8.155504260258637,8.230863258729148,51447000
2021-06-25,8.122011184692383,8.314595101585672,8.080145254677541,8.286684304124384,84950900
2021-06-28,8.108057022094727,8.169460894357682,8.001996610915333,8.144341225223615,40341200
2021-06-29,8.144341468811035,8.144341468811035,8.021534252966392,8.11922179892567,43215200
2021-06-30,8.214116096496582,8.253190891878377,8.071771514578977,8.102473443724195,71367600
2021-07-01,8.110847473144531,8.339715077238571,8.071772672158984,8.300640276253024,65084000
2021-07-02,8.144341468811035,8.200162543391837,8.018743119384208,8.177834007088657,37336700
2021-07-05,8.052233695983887,8.138756680815511,7.918262519659926,8.09689075475854,56028600
2021-07-06,7.7228899002075195,8.038280542848103,7.7228899002075195,8.010370271662827,97839700
2021-07-07,7.828948497772217,7.856859294833832,7.650320248344559,7.856859294833832,73793500
2021-07-08,7.672648906707764,7.725679368768469,7.611245578037705,7.647529242171334,80574200
2021-07-12,7.739634990692139,7.753590656513716,7.614037192423251,7.697769057935843,53001200
2021-07-13,7.787083625793457,7.80662102668339,7.641947887247884,7.69218722231014,41594300
2021-07-14,7.7228899002075195,7.870816786319255,7.686606228254082,7.84290598277968,51654600
2021-07-15,7.5582146644592285,7.7117232431410665,7.513557604029815,7.672648448353868,67982600
2021-07-16,7.446574687957764,7.641949264420223,7.418663882076171,7.6000833217750055,69024100
2021-07-19,7.323766708374023,7.3823794479335385,7.217706295755586,7.248407699949342,80087700
2021-07-20,7.421452522277832,7.519140043863044,7.231659744878945,7.309809868617947,63408800
2021-07-21,7.524722576141357,7.602872708177155,7.42145331017521,7.477274909108526,51116600
2021-07-22,7.50797700881958,7.597291149549696,7.454946538128221,7.535887810886309,37736500
2021-07-23,7.463320255279541,7.583336336613285,7.446573986270318,7.563798934043474,34025500
2021-07-26,7.667068004608154,7.667068004608155,7.457737784470122,7.46332005143883,46802600
2021-07-27,7.57775354385376,7.647530280965404,7.507976806742115,7.6335751464847785,51901800
2021-07-28,7.734052658081055,7.78708312304013,7.591708594400412,7.655903059566853,46727100
2021-07-29,7.761962890625,7.7926648205743545,7.675439899004482,7.759171757688316,43916600
2021-07-30,7.510766983032227,7.767545364176669,7.488438451295935,7.703350901979106,74150400
2021-08-02,7.371212959289551,7.650319850689697,7.360048960457701,7.591707659025658,70528800
2021-08-03,7.494020462036133,7.499602727868593,7.19816729351991,7.357258143265859,71850400
2021-08-04,7.334929466247559,7.471691782294817,7.2428242112625005,7.410287924068672,87970600
2021-08-05,7.912682056427002,8.088519198856822,7.8317407862413235,8.02432472879151,223915900
2021-08-06,7.9238457679748535,7.9657122343918525,7.820576499443649,7.95454770138619,51106100
2021-08-09,7.8680243492126465,7.8736060831123815,7.722888620735334,7.801038751227936,75381900
2021-08-10,7.893145561218262,8.032699050779271,7.8819810265233095,7.8987272962114226,84380900
2021-08-11,8.001996040344238,8.091310176517263,7.806620968200063,7.859651436185638,97863500
2021-08-12,8.122011184692383,8.147130849172123,7.954546932278833,7.999203995275222,95319300
2021-08-13,8.191788673400879,8.264356540602018,8.099683405867555,8.11084740647699,85201800
2021-08-16,7.993620872497559,8.161085106961071,7.88197822697326,8.149921108585703,101262100
2021-08-17,7.993594169616699,8.171031986215901,7.822070533259359,7.937405226861053,93623700
2021-08-18,7.92262077331543,8.076400212539872,7.881218117623947,7.993596029279294,86103100
2021-08-19,7.878259658813477,7.946278096623122,7.727437049157312,7.765882326709866,80808200
2021-08-20,7.86643123626709,7.875302790068841,7.739267033871231,7.8072849119700365,88445600
2021-08-23,7.990637302398682,8.076398843966146,7.916704686123477,7.96697888775306,70161500
2021-08-24,8.156249046325684,8.171035349107417,8.055700608038272,8.0704874748813,49831400
2021-08-25,8.200608253479004,8.230181422147206,8.09710244517094,8.171035084810804,46031200
2021-08-26,8.129631042480469,8.244965752230648,8.123716297349398,8.156246831509147,41061300
2021-08-27,8.425361633300781,8.425361633300781,8.182862720573723,8.19173483837879,76465300
2021-08-30,8.369174003601074,8.490423479111598,8.35734507538751,8.398747170226839,61054000
2021-08-31,8.040913581848145,8.348473051716416,7.981767247919778,8.339601496470031,110574300
2021-09-01,7.996551036834717,8.085269939532258,7.786582139827692,8.079355195602815,69430400
2021-09-02,7.86643123626709,8.088229106289313,7.825028583634691,7.984723320800045,56052000
2021-09-03,7.786583423614502,7.919662363662787,7.718565549394764,7.881217085843895,58182700
2021-09-06,7.82503080368042,7.898963447996651,7.733354482665462,7.751098159364189,26770700
2021-09-08,7.384389877319336,7.7924982553051505,7.331158864768302,7.774754584454806,80378400
2021-09-09,7.541128635406494,7.653505990413846,7.138934927685221,7.416921788260879,156617100
2021-09-10,7.493812084197998,7.730396295481882,7.490854711049294,7.694908945819926,78379900
2021-09-13,7.757011890411377,7.8043287314521566,7.582530827550535,7.629847668591315,63317900
2021-09-14,7.653504848480225,7.762925378188259,7.606188015109492,7.6742064566334225,65497300
2021-09-15,7.786583423614502,7.825028137372272,7.650547675175028,7.6889923889328,67274100
2021-09-16,7.718567371368408,7.7599694673514845,7.544086303923657,7.712652625067611,65567700
2021-09-17,7.372563362121582,7.694909735619541,7.32524651500824,7.6801228683583025,131694100
2021-09-20,7.289758205413818,7.289758205413819,7.035430306879164,7.121191876134664,80260600
2021-09-21,7.455366611480713,7.4790255960805885,7.254270318932912,7.416921889628391,64570200
2021-09-22,7.64463472366333,7.754054709762525,7.547043666087255,7.550001039233349,70231800
2021-09-23,7.937406063079834,7.969936596111996,7.662376628690781,7.674206118542885,84480600
2021-09-24,7.955151557922363,8.002468400058337,7.827987333158961,7.851645754226949,44821500
2021-09-27,8.026126861572266,8.120760546321103,7.836859492074594,8.026126861572266,89178700
2021-09-28,7.972893714904785,8.247923160000946,7.901918465212412,8.040912156080143,117874300
2021-09-29,8.100059509277344,8.141462169457062,7.931493187582171,8.046827920518604,58731700
2021-09-30,8.052741050720215,8.156246834304872,8.034997379382062,8.141460535533268,65744000
2021-10-01,8.280455589294434,8.280455589294434,8.00542608125735,8.020212947532139,60983200
2021-10-04,8.514082908630371,8.519997091015625,8.197650742476682,8.209480235369725,106937000
2021-10-05,8.700390815734863,8.71517711423205,8.546610829495146,8.57618399055065,100469100
2021-10-06,8.469720840454102,8.626458199280963,8.419446635853872,8.561397696176428,84599400
2021-10-07,8.457893371582031,8.57027072613399,8.354387572036588,8.487466537746618,60551100
2021-10-08,8.611672401428223,8.756580278627156,8.490422377587112,8.576184493269162,84170500
2021-10-11,8.670819282531738,8.827556670708866,8.62054506851728,8.724050869613073,76466700
2021-10-13,8.762495994567871,8.783197606988608,8.599844416833783,8.62646021159918,55605400
2021-10-14,8.777284622192383,8.9369788587743,8.724053021977952,8.830516222406814,76172700
2021-10-15,8.753623962402344,8.824599223225187,8.727008169086124,8.81276973105743,72479900
2021-10-18,8.709264755249023,8.765453152541857,8.573228411559338,8.694477889597293,68971300
2021-10-19,8.283411979675293,8.670818805126382,8.239052514236974,8.647160385955198,111484000
2021-10-20,8.42832088470459,8.517039826287496,8.265669303782168,8.360302991886941,56063300
2021-10-21,8.117803573608398,8.333686733098117,7.961066183863966,8.239053050256665,101567700
2021-10-22,8.037955284118652,8.209478955906608,7.620975313667568,8.014296866081043,138384700
2021-10-25,8.588014602661133,8.667861414663879,8.176948794810349,8.209479332627781,135830600
2021-10-26,8.505208015441895,8.644201127242376,8.457891187422112,8.517036940416299,57865600
2021-10-27,8.484506607055664,8.593926555600218,8.419445548294087,8.525908688768624,57579200
2021-10-28,8.564353942871094,8.650116047941895,8.354385584764394,8.43719031751609,89578000
2021-10-29,8.029085159301758,8.63237581513821,7.975853564485444,8.61463157415856,157340000
2021-11-01,8.280455589294434,8.375089277207994,8.094145586722268,8.194693457084472,102157200
2021-11-03,7.940364360809326,8.236094872839013,7.92557749677113,8.19469221759325,83475800
2021-11-04,7.688992023468018,8.055697729207623,7.6446325669140744,7.990637230532579,92603400
2021-11-05,7.64463472366333,7.848688958253758,7.623933675701928,7.77475632178518,86264000
2021-11-08,7.72448205947876,7.884176259968502,7.606189390598952,7.632805184690784,59704100
2021-11-09,7.878259658813477,7.969936512016573,7.748138656180058,7.748138656180058,73021700
2021-11-10,7.816157341003418,7.964022593571591,7.736309969241923,7.866431549439044,68176300
2021-11-11,7.822071075439453,7.949234702400168,7.759967384076219,7.949234702400168,60848900
2021-11-12,7.981766223907471,8.032040432078333,7.688993093051689,7.7806693912240235,85962500
2021-11-16,8.064569473266602,8.150331010097446,7.875301602493824,8.061612101091598,60978200
2021-11-17,7.860517501831055,8.114845939327578,7.833901708880897,8.100059074321253,82106800
2021-11-18,7.848688125610352,7.9107912629062245,7.703779677130931,7.893047589973288,63993000
2021-11-19,7.718567371368408,7.771798959953079,7.623933686800663,7.718567371368409,85893800
2021-11-22,7.795456409454346,8.023168473040046,7.774755364043026,7.777712172763629,59195200
2021-11-23,8.221306800842285,8.295239417986771,7.8368574173154055,7.869387949358533,108382300
2021-11-24,8.389876365661621,8.410577414933254,8.1355478996129,8.215395287427446,64263300
2021-11-25,8.759538650512695,8.809812863770464,8.446063878876615,8.59097177260519,104052200
2021-11-26,8.419447898864746,8.623502120389153,8.301155800901762,8.39578947927215,108871800
2021-11-29,8.715177536010742,8.818683322683695,8.519995453283988,8.682647564930388,84672200
2021-11-30,8.703348159790039,8.765451290148528,8.53478187560428,8.664902881325245,129384600
2021-12-01,8.753623962402344,9.07005554509381,8.718136049960307,8.824599223225187,135078600
2021-12-02,9.421530723571777,9.46471799652106,8.703952991296429,8.966400091682958,191410300
2021-12-03,9.554414749145508,9.614212995214196,9.375020010939446,9.461395184856,105133000
2021-12-06,9.597602844238281,9.723843737599573,9.527838640257565,9.561059961333905,66142300
2021-12-07,9.753742218017578,9.823506417383562,9.567703085753712,9.727165289643306,98989300
2021-12-08,9.750421524047852,9.989613916245013,9.707233612762499,9.753743719811652,71167700
2021-12-09,9.730488777160645,9.796930790098232,9.564382794350614,9.667368326272502,67668200
2021-12-10,9.850085258483887,9.999580905646264,9.793609195516332,9.80025358731112,38517500
2021-12-13,9.790285110473633,9.982967999833662,9.73048749679138,9.85672774831252,45448700
2021-12-14,9.674013137817383,9.916527731178252,9.637469617245939,9.836796932003887,56833800
2021-12-15,9.733809471130371,9.733809471130371,9.497939300724621,9.667367464118207,55085100
2021-12-16,9.863372802734375,9.959713937077188,9.800252355903154,9.840118068018661,56545700
2021-12-17,9.63082504272461,9.846762698927678,9.561060832388069,9.740454968713493,93593700
2021-12-20,9.355088233947754,9.484650688532858,9.19562665389778,9.448107805798902,106282500
2021-12-21,9.368380546569824,9.541130339908658,9.341803606545064,9.484654263150512,40454500
2021-12-22,9.355088233947754,9.434819023972741,9.291967787561473,9.434819023972741,33734500
2021-12-23,9.411564826965332,9.4414639541379,9.351766572620198,9.411564826965332,28713600
2021-12-27,9.551095008850098,9.56106159697121,9.351767681936579,9.408243747334675,44227900
2021-12-28,9.561059951782227,9.727165923353985,9.534483021676506,9.637468546630677,30688100
2021-12-29,9.481328964233398,9.6009248303993,9.44146325308211,9.534482823339129,35508400
2021-12-30,9.451432228088379,9.534485233137858,9.431499050652722,9.484652923192856,43229100
2022-01-03,9.664045333862305,9.70723260702912,9.478006825872665,9.481329021292263,52704700
2022-01-04,9.70058822631836,9.76703022950775,9.604246466274414,9.687299445494114,51739200
2022-01-05,9.325188636779785,9.723843200383268,9.282001365317322,9.6972662717193,78459800
2022-01-06,9.3185453414917,9.517872646722095,9.248781133165279,9.398276770499086,61163100
2022-01-07,9.361733436584473,9.398276956130985,9.242136924355194,9.338478700016346,47507600
2022-01-10,9.305257797241211,9.381666401891977,9.208916017220966,9.298613405451384,37455200
2022-01-11,9.58099365234375,9.657402256454333,9.252103864801438,9.335156860654871,73623800
2022-01-12,9.87333869934082,9.93645914581282,9.617535985279753,9.617535985279753,81378200
2022-01-13,10.07266616821289,10.175651694736327,9.800252472067282,9.810219058625293,76717500
2022-01-14,10.448066711425781,10.497898380203974,10.046089898174392,10.059378681125402,96458800
2022-01-17,10.464675903320312,10.567661425266008,10.381622919960627,10.431454583247643,35675900
2022-01-18,10.511185646057129,10.624137757071022,10.28860361948787,10.48460871603292,78198800
2022-01-19,10.461356163024902,10.70054858312276,10.444745815912432,10.597563037008365,77480200
2022-01-20,10.537763595581055,10.630783176487178,10.335114722157225,10.464677189354566,85353100
2022-01-21,10.554374694824219,10.590917581532107,10.474643896128743,10.487932045755958,61345400
2022-01-24,10.614173889160156,10.713837237915678,10.311861013138406,10.527798691204783,79117100
2022-01-25,10.959672927856445,11.039403087191817,10.491253489431015,10.531119202742717,98358500
2022-01-26,11.252017974853516,11.384903256846284,11.062657271751,11.062657271751,98679900
2022-01-27,11.255340576171875,11.507821086103895,11.019469142042919,11.378258635790889,90631000
2022-01-28,10.810175895690918,11.411478643959525,10.703868185479191,11.22876234623861,117400500
2022-01-31,10.747055053710938,10.962993307593855,10.654036122087723,10.796887348387887,62450300
2022-02-01,10.962996482849121,11.069304226148233,10.614174120943392,10.747058166423152,57315200
2022-02-02,10.803531646728516,11.125777610373012,10.750377790927269,11.099200048828445,36271700
2022-02-03,10.654037475585938,10.936417135194683,10.504542473494961,10.74705641902636,51087800
2022-02-04,10.840076446533203,11.039403112618771,10.590916846638208,10.766989410900745,59346800
2022-02-07,10.68061637878418,10.88990902774498,10.673971986664885,10.81350041930542,48868100
2022-02-08,10.574304580688477,10.614170286847248,10.384943902133093,10.597559311929468,62590000
2022-02-09,10.614173889160156,10.860010064937894,10.514509906760516,10.544409038115997,50960500
2022-02-10,10.776954650878906,10.929773103206012,10.610849318013903,10.730445183022464,49534600
2022-02-11,11.215475082397461,11.265307382736866,10.840076484382624,10.886585955479115,88013400
2022-02-14,10.962996482849121,11.275275320379231,10.903198218832339,11.248699018198584,55687000
2022-02-15,10.790245056152344,10.856687706212353,10.594239935483788,10.850043314477539,65689000
2022-02-16,10.939739227294922,11.19554257180653,10.88658536786965,10.906518540387117,65811600
2022-02-17,10.896552085876465,11.059336504650092,10.813499095485199,10.913162430497106,43255200
2022-02-18,10.962996482849121,10.992895614857513,10.720481864242505,10.82014521517439,60304700
2022-02-21,11.24537467956543,11.295206981989443,10.96299501193093,10.979605356976238,51263800
2022-02-22,11.208830833435059,11.52110958465891,11.032757652586538,11.368292404312426,80206700
2022-02-23,11.368291854858398,11.494531466979936,11.228762195029528,11.355003074438915,86530100
2022-02-24,11.092557907104492,11.723761181577524,10.856687703376792,11.560976752337421,139674100
2022-02-25,11.295206069946289,11.295206069946289,10.9297734393044,11.112489754625345,86189100
2022-03-02,11.51778793334961,11.723760259002125,11.424768990982693,11.713793038542782,58071800
2022-03-03,11.374937057495117,11.604162833307761,11.348359494757913,11.567619318188076,69237400
2022-03-04,11.371614456176758,11.521110081346684,11.235407612641486,11.321783425978763,55418000
2022-03-07,10.564339637756348,11.494532833839598,10.507863581545607,11.46131214612834,110954100
2022-03-08,10.783600807189941,10.953029630450576,10.467999799336583,10.630783597130351,111633500
2022-03-09,10.81682300567627,10.9031975667076,10.544408637710344,10.830110522327729,87779300
2022-03-10,11.19554328918457,11.494533292377147,10.803533075571323,10.830109373342905,136437700
2022-03-11,10.793569564819336,11.421450107625118,10.654039851257862,11.265310045786606,92153700
2022-03-14,10.587594985961914,10.926450688932848,10.471320678263377,10.773633498093172,52274100
2022-03-15,10.331791877746582,10.477965314666836,10.122497992258307,10.34508002638805,66272000
2022-03-16,10.242095947265625,10.477966797050993,10.089278731226626,10.46467801288546,72034900
2022-03-17,9.969682693481445,10.431457193755888,9.800254488990417,10.381625517998323,178319300
2022-03-18,10.169011116027832,10.238775342809191,9.919852076990058,9.996260696887033,93097100
2022-03-21,10.551051139831543,10.660681053120927,10.178973493539226,10.268670868133443,67700800
2022-03-22,10.504544258117676,10.66400524058588,10.414846861437933,10.62746234958772,56128600
2022-03-23,10.647392272949219,10.786921944765506,10.527796407118656,10.607527195553692,52956100
2022-03-24,10.770310401916504,10.830108652029914,10.521152082517272,10.647392339922481,49402800
2022-03-25,10.73044490814209,10.813497889269023,10.604204655632495,10.680613879838683,51780100
2022-03-28,10.497899055480957,10.657361292930243,10.29192734199951,10.650716901027337,68610500
2022-03-29,10.73044490814209,10.883262089266545,10.604204655632495,10.673969489273977,93809000
2022-03-30,10.959672927856445,10.959672927856445,10.757023433006324,10.796888512674009,69648400
2022-03-31,11.1124906539917,11.152355735565505,10.79688902891951,10.820143765444906,94269500
2022-04-01,10.966316223144531,11.225442413255028,10.933095534116854,11.145710985385325,72545400
2022-04-04,10.863329887390137,10.92977252392987,10.713834271997708,10.92977252392987,56053000
2022-04-05,10.760347366333008,10.9829300837143,10.76034736633301,10.850044765819053,45847200
2022-04-06,10.750378608703613,10.889907015562791,10.64407088901434,10.830108764826578,56947100
2022-04-07,11.308496475219727,11.315140867112799,10.796889705046809,10.843399181010133,118469400
2022-04-08,11.364970207214355,11.431412848928973,11.245373705585639,11.318460738200518,60772700
2022-04-11,11.278595924377441,11.328426956365103,11.222119234045808,11.261985580381554,48125400
2022-04-12,11.24537467956543,11.52111122301228,11.228764334520122,11.428092276928087,68522800
2022-04-13,11.484566688537598,11.560975282823518,11.328426670877509,11.418124046940454,101438800
2022-04-14,11.364724159240723,11.655474735630268,11.32474569503564,11.484658858651917,119382100
2022-04-18,11.164833068847656,11.408336948246678,11.073973422701814,11.324746240161483,76350600
2022-04-19,11.502828598022461,11.630032214003917,11.310206633128542,11.324743812929999,88494100
2022-04-20,11.557343482971191,11.61185980998833,11.38652764550199,11.50282784915795,34694700
2022-04-22,11.106681823730469,11.375626265846787,11.019456655466044,11.28476662892084,74560900
2022-04-25,10.943134307861328,11.063068994460366,10.735974457663351,10.89225244252563,66413900
2022-04-26,10.924964904785156,11.11395315669703,10.863180310629511,10.943137252009857,48764100
2022-04-27,10.924964904785156,11.106684217807151,10.884987127299151,11.037631377965793,41881300
2022-04-28,10.997650146484375,11.12848824084065,10.994015677951813,11.066703662195074,43298500
2022-04-29,11.004919052124023,11.481023337266254,11.004919052124023,11.175734913442719,76243900
2022-05-02,10.895889282226562,11.02309293344272,10.65965432608463,10.964942811721757,72456200
2022-05-03,10.99401569366455,11.044896866785157,10.837737012560977,10.946768989081699,52531000
2022-05-04,11.655475616455078,11.69181892134726,11.048533135820643,11.121221132013217,109417000
2022-05-05,11.633667945861816,11.811753454112623,11.273864540109697,11.56098064822048,99439900
2022-05-06,12.015280723571777,12.037086152467351,11.5936913060182,11.880807442143926,129570200
2022-05-09,11.688183784484863,12.008010098647656,11.651840483824385,11.884440935430762,92314500
2022-05-10,11.789944648742676,11.938954380913312,11.70272018359336,11.760870289162197,60330600
2022-05-11,12.200632095336914,12.324201258631332,11.880805780973473,11.913515306151643,108895400
2022-05-12,12.295125961303711,12.385985592517338,12.087964726641333,12.087964726641333,114415900
2022-05-13,12.455039978027344,12.516823869539538,12.320568095129888,12.393254700107029,67000100
2022-05-16,12.57861042022705,12.67673901056508,12.360546424006449,12.447772299776341,92075300
2022-05-17,12.415061950683594,12.771231595966167,12.407793012648254,12.720350416126967,90914700
2022-05-18,12.211533546447754,12.560435574432363,12.149749664388674,12.422328550571955,80986200
2022-05-19,12.418695449829102,12.462309077069493,12.11340837759519,12.18246120778027,63983100
2022-05-20,12.658565521240234,12.658565521240234,12.447770494112246,12.571339658123259,79589900
2022-05-23,13.156475067138672,13.196453527275667,12.77486488780839,12.785767600061035,93807400
2022-05-24,12.79824447631836,12.996698172154,12.437787069808696,12.63624153813528,154453100
2022-05-25,12.98049545288086,13.07364703114084,12.660539796795026,12.838743387046465,69991900
2022-05-26,13.012895584106445,13.187048988599766,12.939994087110101,12.968344497610735,78303600
2022-05-27,12.393235206604004,13.02099757633263,12.381084698064058,13.02099757633263,118295600
2022-05-30,12.146180152893066,12.502587341610674,11.79382390613932,12.490436833191605,98110100
2022-05-31,12.174531936645508,12.401336817710835,12.073280005899143,12.316284794188606,83598000
2022-06-01,12.158330917358398,12.283883083702792,12.089479579848728,12.109729655149456,46353200
2022-06-02,12.053027153015137,12.170478963937276,11.967975149079813,12.138078384459712,50738300
2022-06-03,12.263631820678711,12.328432982354123,11.959876085641177,12.032776813157929,60396900
2022-06-06,12.271734237670898,12.364886605151272,12.113781465950506,12.352736094830103,39213900
2022-06-07,12.417534828186035,12.67673948410674,12.215030997625284,12.22718150555562,80333700
2022-06-08,12.356782913208008,12.615987549823679,12.283881416037161,12.320332164622585,65923900
2022-06-09,12.178581237792969,12.417535839107403,12.142130483525285,12.356784839491553,53879000
2022-06-10,12.008477210998535,12.154280218788475,11.769522624894277,12.154280218788475,63101700
2022-06-13,11.854575157165527,11.98012732355507,11.61157039101513,11.753323235643766,64507100
2022-06-14,11.988225936889648,12.251480740450772,11.84242294369055,12.012526178259249,68816900
2022-06-15,11.77762222290039,12.158329623467822,11.680420481317578,12.150229285213227,72785700
2022-06-17,11.060757637023926,11.52246683872868,10.582848532578867,11.40906442958369,184606500
2022-06-20,11.186311721801758,11.441466203433711,10.49374823310224,10.538299322153371,92581800
2022-06-21,10.963556289672852,11.405014662904168,10.809653732005307,11.259211670647002,85179500
2022-06-22,10.93115520477295,11.15795924807482,10.68815048641845,10.765102147937027,57874700
2022-06-23,10.72865104675293,11.089107557355538,10.578798669925392,10.92710467464036,69262300
2022-06-24,10.647653579711914,10.971659454326531,10.603102482268302,10.838006934486634,53413400
2022-06-27,11.332115173339844,11.368565927858427,10.79750513705512,10.862306306756853,90417700
2022-06-28,11.473867416381836,11.676371254138305,11.348315253270261,11.575119335260071,51388000
2022-06-29,11.372614860534668,11.672320430929126,11.275413116554637,11.534617767168053,52048800
2022-06-30,11.311863899230957,11.364514554352272,11.097209564525421,11.198461478020162,49910100
2022-07-01,11.554868698120117,11.684471024378144,11.145810873061471,11.372614944013018,64948200
2022-07-04,11.801922798156738,11.858624395047924,11.558918823588899,11.558918823588899,37324200
2022-07-05,11.35236644744873,11.724973573453749,11.157962158561531,11.704722724355651,78428500
2022-07-06,11.206562995910645,11.534619013861805,10.898757053793295,11.405016674547316,57617200
2022-07-07,11.534616470336914,11.712820033843695,11.340213004233537,11.340213004233537,52147300
2022-07-08,11.664217948913574,11.73306926814114,11.490065339093873,11.554866489838563,43097800
2022-07-11,11.607518196105957,11.660169618705217,11.441465135583472,11.469815545064279,39577600
2022-07-12,11.433364868164062,11.51436670074209,11.328062794808922,11.461715277819154,46462000
2022-07-13,11.441466331481934,11.534617907367004,11.332114078491216,11.392865072655793,35497200
2022-07-14,11.133660316467285,11.340214312719281,11.032408402960863,11.340214312719281,47151000
2022-07-15,11.324013710021973,11.360464460922582,11.13366038947831,11.218712399076662,38610800
2022-07-18,11.583216667175293,11.619667410308143,11.461713932568912,11.498164675701764,46782300
2022-07-19,11.818124771118164,11.842425016741593,11.502218488050051,11.562969488354067,48562300
2022-07-20,11.814074516296387,11.83432459208817,11.676371837937813,11.773573592221945,43520800
2022-07-21,11.753320693969727,11.797871004511444,11.421214586795356,11.737120019234055,58843200
2022-07-22,11.878874778747559,11.935575604627573,11.684471285023955,11.76142295764027,55676200
2022-07-25,12.433732032775879,12.453982101179935,11.992273743650253,11.992273743650253,79106600
2022-07-26,12.559285163879395,12.806340035178955,12.389181949171455,12.636236820471016,78360100
2022-07-27,12.696989059448242,12.745589541322142,12.40133368182804,12.676738214925175,56097200
2022-07-28,13.07769775390625,13.21540042054471,12.729390917998286,12.7941920820057,114996500
2022-07-29,13.831013679504395,14.03756692830307,13.296403634985941,13.608258206803558,181480600
2022-08-01,13.640658378601074,13.831012476910022,13.454355222160887,13.770260708731783,81365100
2022-08-02,13.701408386230469,13.972762747267469,13.559654793689614,13.67710737308538,69147100
2022-08-03,13.709508895874023,13.835061828708438,13.592057846750723,13.77431006072819,65544500
2022-08-04,13.855313301086426,13.932265754290372,13.600159557779493,13.802663411504751,54387500
2022-08-05,14.122615814208984,14.199568253725369,13.818860087650256,13.83101136730004,77882600
2022-08-08,14.835429191589355,14.892130009810272,14.227917776397113,14.23196717270657,109484600
2022-08-09,15.078434944152832,15.171586520232253,14.924531601291283,14.989332764867472,79051200
2022-08-10,15.02983283996582,15.248537322863095,14.82732903246422,15.248537322863095,78369600
2022-08-11,14.681527137756348,15.333589693692367,14.681527137756348,15.167536620968042,128896500
2022-08-12,15.771777153015137,15.831462632334205,14.46367996367971,14.47362770167764,171288300
2022-08-15,15.776752471923828,16.0304141221719,15.194823026923803,15.358956924299779,96759000
2022-08-16,15.920987129211426,15.950830338895653,15.667326487574108,15.776748743744488,64218800
2022-08-17,16.29401969909668,16.323862910588364,15.71706517361729,15.741933567858593,72924700
2022-08-18,16.622289657592773,16.74166062217561,16.348733489706127,16.46312963637374,84552500
2022-08-19,15.78172492980957,16.487999150702663,15.582774912704446,16.373601112113754,125178200
2022-08-22,16.11993980407715,16.204494625298814,15.160004941758157,15.786698182681464,92400300
2022-08-23,16.632234573364258,16.662077783779438,16.22438685104078,16.229361668111707,73215800
2022-08-24,16.73171043395996,16.970450430834127,16.537734305083255,16.681973646112493,61067900
2022-08-25,16.55265235900879,17.08981869050704,16.249253067774024,16.960500026700483,99511600
2022-08-26,16.73171043395996,16.746631090846837,16.19951883517731,16.552654961970127,63545400
2022-08-29,17.149507522583008,17.44793396986451,16.637211349488066,16.686948142033142,73339500
2022-08-30,16.129886627197266,17.020189172936906,16.050306627973082,16.91076596250234,99361100
2022-08-31,16.52778434753418,16.632232726383304,15.826485108018298,15.95082895826818,114235400
2022-09-01,16.83616065979004,16.885899350389383,16.294021264947958,16.5924477165329,69184700
2022-09-02,16.622289657592773,17.19427228826795,16.542709646983255,17.129612936729867,81792300
2022-09-05,16.58249855041504,16.965477897033125,16.48799789241975,16.836159209948118,76337600
2022-09-06,15.965752601623535,16.20946742856,15.672301932880476,16.05030742223547,111813500
2022-09-08,15.816536903381348,16.303964554229005,15.61758693861376,16.070199412878885,63159800
2022-09-09,15.811567306518555,16.249256372301925,15.766803436456968,16.159730529515677,49871900
2022-09-12,15.657377243041992,16.27909648822633,15.647429507438655,15.990619745075811,71374500
2022-09-13,15.24455738067627,15.63748444225647,15.179898989471981,15.38879671680117,88327800
2022-09-14,15.478324890136719,15.632511018678716,15.234610077428243,15.294295550649759,49039700
2022-09-15,15.448479652404785,15.533033508318852,15.319161934614549,15.378847400005538,45553200
2022-09-16,15.309218406677246,15.393772280591389,15.090372918546207,15.349008409185755,107303600
2022-09-19,15.55293083190918,15.607641487309236,14.861578298746934,15.169951500766782,65559900
2022-09-20,15.463400840759277,15.717062401691189,15.33905699414569,15.627534680342483,67798200
2022-09-21,15.503189086914062,15.652401306570644,15.36392365287794,15.592716798175275,58812200
2022-09-22,15.886173248291016,15.95580646124946,15.433561633069147,15.657380032002038,69764300
2022-09-23,14.891424179077148,15.612618154782565,14.806870297934463,15.577802018194738,138630800
2022-09-26,14.568127632141113,14.961053750976134,14.55817989529253,14.781998282375243,42934600
2022-09-27,14.757133483886719,14.86158190023617,14.712369605831631,14.75215961425075,71087600
2022-09-28,14.558178901672363,14.831735005658926,14.214989593166703,14.757128881723348,104670700
2022-09-29,14.578073501586914,14.622837365916045,14.224937403733048,14.418913516713715,87536500
2022-09-30,14.821786880493164,15.164976179991859,14.423886930834032,14.533309179823215,121637100
2022-10-03,16.005542755126953,16.234335015662207,15.746907283390074,15.87125115072491,179694100
2022-10-04,15.602668762207031,16.4034426161599,15.453455553431935,16.363653565555303,115917200
2022-10-05,16.189571380615234,16.323862986950722,15.518115246274666,15.622563640978866,92893700
2022-10-06,16.74165916442871,16.80631851033671,16.134860450531242,16.41339141208058,82671900
2022-10-07,16.726736068725586,17.069924428826077,16.52281222043341,16.70186767695077,73500100
2022-10-10,16.53773307800293,16.856053050216182,16.413389220273583,16.73668400930456,52222600
2022-10-11,16.41339111328125,16.57752593513578,16.21941497642547,16.358679505996406,58332400
2022-10-13,16.880922317504883,17.15448033656172,16.11993847589498,16.164702342891843,91143900
2022-10-14,16.622289657592773,16.98040065400416,16.562605123969913,16.895847722816537,62246100
2022-10-17,16.60736656188965,16.985372979826618,16.33381043413914,16.53276138014142,100936400
2022-10-18,17.015214920043945,17.025162657443992,16.49297103923144,16.861029733685502,82313200
2022-10-19,17.617042541503906,17.686676718082367,16.920717851755075,16.97542947039807,113700900
2022-10-20,18.139280319213867,18.179069362129077,17.79111718135759,17.95525006655458,114347400
2022-10-21,18.761001586914062,19.094242210032426,18.099491362748953,18.129334571208656,139601400
2022-10-24,17.035110473632812,18.313365326728672,17.025162736186758,18.154205322265625,142110900
2022-10-25,16.676998138427734,17.159452929387257,16.517838147101518,16.930660679022914,113161200
2022-10-26,16.269153594970703,16.677001389416443,15.866279669807053,16.214441981536275,121334800
2022-10-27,16.39349365234375,16.681972311319868,16.24925432285569,16.31888847654201,111008800
2022-10-28,16.19951820373535,16.473074320907152,15.846382090707447,16.264177543286173,129745400
2022-10-31,14.826761245727539,15.71706371736895,14.503467407202887,15.224662157400324,262409400
2022-11-01,14.851632118225098,15.254505990905619,14.702418905206372,15.20476825323271,115944200
2022-11-03,14.896397590637207,15.115242142083826,14.642735955004106,14.821790501763292,139062100
2022-11-04,14.075723648071289,15.368899896872101,14.016039130445517,15.31916216640509,195361000
2022-11-07,13.503742218017578,14.075723750895847,13.46395222308696,13.906616035273638,117206600
2022-11-08,13.603217124938965,13.692744847048996,13.304791700794956,13.458977806279856,94745400
2022-11-09,13.379399299621582,13.901644086808593,13.250081569899134,13.503743161046817,103303500
2022-11-10,12.991448402404785,13.374426814205519,12.737786785029146,12.971552927158786,145470100
2022-11-11,13.424162864685059,13.60819219288292,12.78254904742211,12.832285831942503,146365800
2022-11-14,13.777300834655762,14.016040831469581,13.473901495787105,13.558455363242219,66639500
2022-11-16,13.503742218017578,13.98122310585332,13.394319969125453,13.832009913362265,85549900
2022-11-17,13.508718490600586,13.578350756957054,13.20531913233001,13.429138486573628,101525800
2022-11-18,13.279925346374512,13.727563076873652,13.041184401262342,13.628087604021214,127683500
2022-11-21,13.319716453552246,13.712642611794477,12.956631611511797,13.488824202264649,164898100
2022-11-22,12.414417266845703,12.467629717187267,11.866330753730802,12.238816891178688,164261300
2022-11-23,12.472953796386719,12.584699053137253,12.132394648554218,12.23881957255374,77317300
2022-11-24,12.903968811035156,13.106174886035229,12.371846385837829,12.515519684227423,94233800
2022-11-25,12.696444511413574,12.946541747363304,12.558092525055246,12.909293330832837,58635900
2022-11-28,12.962505340576172,13.063607891959968,12.526165022139852,12.58469781111384,56067400
2022-11-29,13.505271911621094,13.771333226794384,13.026361747297848,13.09021690951452,96151500
2022-11-30,14.186387062072754,14.186387062072754,13.569124986996975,13.622337444836587,120774700
2022-12-01,13.617015838623047,14.255563290669613,13.601051797091763,14.143817029837026,71259400
2022-12-02,13.787294387817383,14.074641035286007,13.468020673388857,13.670227799002292,66301000
2022-12-05,13.632981300354004,14.143818503252561,13.595731866233928,13.835187439432191,56065400
2022-12-06,13.643622398376465,14.042714326705978,13.526555798112714,13.73940462356647,74991200
2022-12-07,13.48930835723877,13.872436270796452,13.446738589065696,13.48398700934922,57008400
2022-12-08,13.185998916625977,13.723442885746008,13.111501059508301,13.595732563528095,55567700
2022-12-09,13.148747444152832,13.329669188506957,13.031680851017951,13.297742120368934,61586200
2022-12-12,12.72304916381836,13.122141047288052,12.307993239630346,13.079571286982343,111293100
2022-12-13,12.409101486206055,12.87737004131394,12.40378013729079,12.824157567104836,102533100
2022-12-14,11.42467212677002,12.025971247356688,11.052186906928162,11.972758783109755,319501600
2022-12-15,11.727980613708496,11.90358100150264,11.084111848501207,11.17457271584626,132385600
2022-12-16,11.73330020904541,11.765228288416735,11.445954599305054,11.685409104931505,90767300
2022-12-19,11.908904075622559,11.978080586255626,11.515133449139345,11.759910388000648,63074100
2022-12-20,12.276067733764648,12.36652861278225,11.818441991094037,11.914224217694237,71875500
2022-12-21,12.54212760925293,12.621945784106748,12.158999760988701,12.504879195317358,74252800
2022-12-22,12.765619277954102,13.068928955407127,12.611304273172376,12.717728169414869,81894800
2022-12-23,13.366922378540039,13.420133835422693,12.84012002389912,12.84012002389912,68387900
2022-12-26,13.271138191223145,13.462701640858551,13.207283031382453,13.366920423512514,28765200
2022-12-27,13.361599922180176,13.468023842066374,13.063610510634668,13.436096767594854,50803200
2022-12-28,13.196639060974121,13.473343035319155,13.170033338993852,13.356276437685441,57293500
2022-12-29,13.037002563476562,13.329669561985481,12.999754147114688,13.297742492952906,57901800
2023-01-02,12.19625186920166,12.669840729736395,12.132396701010807,12.526168377458042,78424700
2023-01-03,11.887618064880371,12.292031332045115,11.775871799573011,12.206891803688666,96750300
2023-01-04,12.265423774719238,12.552770424910445,11.616234660686644,11.685410142245729,129504000
2023-01-05,12.707085609436035,12.792226148249163,12.318636404911508,12.419739970110763,73886000
2023-01-06,12.632588386535645,12.941219404692372,12.531484824483725,12.739013295531683,51851500
2023-01-09,12.701766967773438,12.770942459520782,12.371850507660758,12.504881158280767,46385200
2023-01-10,12.81883430480957,12.829477001051535,12.435706374589262,12.744337461002576,52741100
2023-01-11,12.91993522644043,13.100856965492584,12.797546274768795,12.850758730068224,53536500
2023-01-12,13.106178283691406,13.116820978540687,12.829475322212764,12.925257545969819,58130000
2023-01-13,13.074248313903809,13.122139415158937,12.903969293860248,13.005072842614744,40002700
2023-01-16,12.792229652404785,13.037005596846178,12.680483362375504,12.989114474682696,31973700
2023-01-17,13.579768180847168,13.632980640643266,12.829475441057607,12.829475441057607,91797500
2023-01-18,13.340312004089355,13.851150173655636,13.303063588432657,13.75004660619945,69692900
2023-01-19,13.776653289794922,13.80858137539667,13.191319262968761,13.303064517745048,75553300
2023-01-20,14.032072067260742,14.154460009975383,13.526555239605356,13.776652472319173,114219500
2023-01-23,14.255563735961914,14.686582721338066,13.90436191590579,13.978859763768957,87678100
2023-01-24,14.154457092285156,14.64933112336197,14.032069174798613,14.61740304623617,65794000
2023-01-25,14.335380554199219,14.409877380041104,13.840506462665257,14.127852087300477,51832900
2023-01-26,13.968216896057129,14.473733723034577,13.728761343290293,14.415199917926415,73344800
2023-01-27,13.632981300354004,13.95757539242539,13.5371990710747,13.930969668711496,47681900
2023-01-30,13.702157020568848,13.872436091054889,13.574447717704318,13.755369483831565,40683200
2023-01-31,13.8724365234375,13.946933365361266,13.579769488785548,13.638302286749928,54048900
2023-02-01,13.680869102478027,14.090603674498102,13.542518144468541,13.872433528865205,56349200
2023-02-02,13.047647476196289,13.734085159276733,12.994435008800556,13.574448772032927,83823000
2023-02-03,13.191317558288574,13.505268906588412,12.99443178229395,13.05828693030233,71170700
2023-02-06,13.718121528625488,13.76601264568954,13.170034863860959,13.233890024927481,82794500
2023-02-07,13.632981300354004,13.909684277785738,13.547840751594276,13.787296324792539,55311800
2023-02-08,13.861790657043457,13.915003109794155,13.60105075500246,13.728760032638267,48713100
2023-02-09,13.79793643951416,14.005463887508226,13.723439615094366,13.861790570461666,38198300
2023-02-10,14.218314170837402,14.255563601890275,13.797937884101461,13.82454360562458,54683100
2023-02-13,14.260885238647461,14.308776353724129,14.03207337376743,14.20235244295411,36726900
2023-02-14,14.207672119140625,14.399235541965727,14.154459662544634,14.287490296563018,35839000
2023-02-15,14.228959083557129,14.260886157350583,13.994824840870583,14.143819543479,72554100
2023-02-16,14.287490844726562,14.340703303364139,14.095926399608578,14.154460205604234,44115700
2023-02-17,14.06932258605957,14.191710547065876,14.032074164444031,14.191710547065876,61085700
2023-02-22,13.707476615905762,13.893719706042669,13.670228200867017,13.83518590244282,38608500
2023-02-23,14.127851486206055,14.255561774991527,13.712796599954077,13.712796599954077,73913400
2023-02-24,13.781974792480469,14.207673470804561,13.766011764443244,14.191709427824048,64409100
2023-02-27,13.91500186920166,14.228954196002926,13.734080154945236,13.750044193830107,76250600
2023-02-28,13.43077564239502,14.324741861990255,13.43077564239502,13.946934250520247,130248100
2023-03-01,13.462700843811035,13.53187734745486,12.87204547123471,13.468022191394656,109257700
2023-03-02,13.111499786376953,13.659586398286297,12.967827463983305,13.526555755924702,124516200
2023-03-03,13.67555046081543,13.696834835854023,13.010397248031474,13.212603378142763,87591800
2023-03-06,13.8139009475708,13.899041489545027,13.499949575983484,13.675549977352834,50227400
2023-03-07,13.35627555847168,13.718119037266113,13.265814688773073,13.686190955059661,59052500
2023-03-08,13.526554107666016,13.792615359968698,13.372238094157758,13.382880787836218,66220400
2023-03-09,13.468021392822266,13.957574177112045,13.45205836596118,13.489306781894662,68042300
2023-03-10,13.292421340942383,13.61169508078921,13.271136966255657,13.388203564390755,48118600
2023-03-13,12.872044563293457,13.2285667067024,12.824153453362166,13.06360798807542,58605500
2023-03-14,12.643231391906738,13.159389878884523,12.558091868589644,12.919935350158886,58916700
2023-03-15,12.419740676879883,12.494237510769675,12.132394006259416,12.414419329467293,93708800
2023-03-16,12.37717056274414,12.515522546731964,12.222854536969688,12.451667394528656,66821000
2023-03-17,12.51020336151123,12.51020336151123,12.164323849237606,12.29203316077202,93502700
2023-03-20,12.201568603515625,12.584696422942475,12.180283217187037,12.51019960067858,57575200
2023-03-21,12.451666831970215,12.558091742519778,12.281387787045444,12.345242936363816,43391200
2023-03-22,12.414417266845703,12.568733271341934,12.260102277292543,12.446344331073412,46435600
2023-03-23,12.132394790649414,12.595341896043122,12.020649532590113,12.435705523117461,74711200
2023-03-24,12.127071380615234,12.30799208371583,11.962112686847586,12.084500609364449,52556800
2023-03-27,12.334598541259766,12.430380744556448,12.14835548095433,12.297350132187283,39148700
2023-03-28,12.552769660949707,12.579375379558634,12.318635480407355,12.355883892437094,29091100
2023-03-29,12.717728614807129,12.79222646122338,12.488915758204827,12.616625047134278,49148600
2023-03-30,12.754977226257324,12.919935948397649,12.60066221370345,12.90397190643281,56116900
2023-03-31,12.47827434539795,12.888007942201176,12.350564038795413,12.770941345249287,59547800
2023-04-03,13.031682014465332,13.037003362120617,12.664517145797,12.818833182970387,73931200
2023-04-04,12.9146146774292,13.175354608070416,12.824153802313411,13.106178107423691,57505700
2023-04-05,12.957186698913574,13.05296893807111,12.382494278911768,12.872047156316523,93626400
2023-04-06,12.770943641662598,12.994435195989428,12.744337915053165,12.95186542444829,29565400
2023-04-10,13.042323112487793,13.122141287655186,12.786904545974869,12.786904545974869,41455900
2023-04-11,13.654266357421875,13.675551749409363,13.106179693064252,13.143429129042358,80565000
2023-04-12,13.75536823272705,13.915004593052334,13.398846080720242,13.82454371821648,71563400
2023-04-13,13.851151466369629,13.883078537777491,13.728762498576772,13.755369237202743,38852800
2023-04-14,13.994821548461914,14.048034002227878,13.686190534551097,13.728760294575238,38421100
2023-04-17,14.212992668151855,14.260883778324445,13.946931396056675,13.96289543776194,49427100
2023-04-18,14.574837684631348,14.69722665394975,14.111891591145296,14.212994154354293,99478800
2023-04-19,14.10657024383545,14.53226791773869,14.074643172028534,14.452449730749745,73217800
2023-04-20,14.202348709106445,14.356663694383176,13.989499928581791,14.111887850515586,54738400
2023-04-24,14.473734855651855,14.505661926871428,14.101248636631444,14.154461098626259,43820900
2023-04-25,14.415200233459473,14.633370401892225,14.21831443965899,14.452448650273372,53854100
2023-04-26,14.234281539916992,14.484378831500376,14.234281539916992,14.431167376016198,40249400
2023-04-27,13.888401985168457,14.463094432109193,13.787298392991412,14.287493990403508,115632700
2023-04-28,14.206186294555664,14.415981373294631,13.876506190413483,14.146244353502773,81138500
2023-05-02,13.630749702453613,14.230167021699408,13.570807741869475,14.206190923444435,67911100
2023-05-03,13.582793235778809,13.780600859861119,13.438933249473267,13.54682852502681,51133700
2023-05-04,13.798584938049316,14.014374363861348,13.55282396469559,13.720660057738543,57854400
2023-05-05,14.386013984680176,14.487914962803567,13.89449202313123,13.966421452807936,83365200
2023-05-08,14.691715240478516,14.763644661937072,14.511889400237044,14.655750529749238,59352300
2023-05-09,14.739665031433105,14.865542060421607,14.529868839821669,14.631769781844522,33978200
2023-05-10,14.703701972961426,14.877532338609788,14.583818094840394,14.739666679078779,41500700
2023-05-11,15.243180274963379,15.27315067901286,14.344054433907397,14.46393719340295,136878100
2023-05-12,15.734701156616211,16.028415441010676,15.273149648297391,15.333091595648773,117237500
2023-05-15,15.381047248840332,15.674761577613001,15.22519861949811,15.620813931175396,81996700
2023-05-16,15.76467227935791,16.20224771471938,15.632800903794138,15.650783831810944,117782700
2023-05-17,15.381047248840332,16.04040648273505,15.291134885876899,15.944499809801027,107129200
2023-05-18,15.470953941345215,15.494931172439378,15.19522264354615,15.339082600219223,63010500
2023-05-19,15.446979522705078,15.69274045148997,15.369054656526009,15.632798510574707,69245500
2023-05-22,15.357070922851562,15.590843291723939,15.28514034757668,15.512918406568009,38010200
2023-05-23,15.734701156616211,15.842596433189188,15.297126884556963,15.375050615805474,58285300
2023-05-24,15.974465370178223,16.12431964408852,15.614814884134033,15.734698760581221,54796400
2023-05-25,15.85458755493164,16.088359928889936,15.698738924526868,16.064382688844095,49182700
2023-05-26,16.064380645751953,16.130316904194412,15.90253886921673,16.070374955001046,39866600
2023-05-29,15.998443603515625,16.07636732777239,15.92051873596141,16.03440831138048,17977100
2023-05-30,15.818620681762695,16.0643816600042,15.740696943199785,16.01642832628141,45736700
2023-05-31,15.656781196594238,15.80064121891038,15.50692686376936,15.746693567629599,49207600
2023-06-01,16.16028594970703,16.184263184689364,15.68075268303523,15.764670718878422,63148200
2023-06-02,16.292160034179688,16.543915309401136,16.250201012192377,16.442014337447276,39919300
2023-06-05,16.46599006652832,16.519937705972847,16.32213007577544,16.50795023088329,39321700
2023-06-06,16.81365203857422,16.933535936149173,16.310141498035534,16.45400263244451,75426600
2023-06-07,17.30517578125,17.419064230776016,17.04143188224175,17.17330326009706,82330400
2023-06-09,18.150354385375977,18.216289504139546,17.395088528002784,17.443041861329768,80442400
2023-06-12,18.46804428100586,18.575939563842706,18.00649388918925,18.114388028728477,119350400
2023-06-13,18.432004928588867,18.674698839052517,18.259563845325818,18.674698839052517,79174900
2023-06-14,19.223955154418945,19.223955154418945,18.4447774647877,18.48309851776882,98326000
2023-06-15,18.77050018310547,19.702958483664947,18.700247351607107,19.28782346454214,120579500
2023-06-16,18.9301700592041,19.10899801885462,18.54696920278499,18.66831557217366,94572000
2023-06-19,19.428333282470703,19.453879438286457,18.872690080029432,18.923783609826778,34573900
2023-06-20,19.52412986755371,19.63909059275929,19.096221178269406,19.351688779745345,55605300
2023-06-21,20.341630935668945,20.437431150554,19.70296121221413,19.754054741363884,89294300
2023-06-22,20.086164474487305,20.239445070976174,19.849856126879946,20.092550100112515,43455800
2023-06-23,19.262277603149414,19.977588186379577,19.089836495830657,19.92649466030355,76023400
2023-06-26,19.696569442749023,19.83068946641194,19.236727795406217,19.236727795406217,53635000
2023-06-27,19.543289184570312,19.926491172143365,19.377234949349806,19.754050095010662,48399600
2023-06-28,19.728506088256836,19.913720880766625,19.51135829891158,19.530518827912307,36794600
2023-06-29,19.817920684814453,19.87540105368778,19.645479578194468,19.79876015580143,32071800
2023-06-30,18.85991668701172,19.84985423513761,18.72579541651238,19.798760707843996,104262900
2023-07-03,19.2111873626709,19.275054585730278,18.981265846923513,18.981265846923513,31266900
2023-07-04,19.255891799926758,19.409172386431916,19.134544212131328,19.134544212131328,18308000
2023-07-05,19.230342864990234,19.511356623881678,18.94294104548121,19.262275859084284,53585500
2023-07-06,18.93655776977539,19.160092425033962,18.617222896024824,19.064292206541964,47685700
2023-07-07,18.840755462646484,19.287824723602697,18.751342097721537,19.006809724768342,55533500
2023-07-10,18.872690200805664,18.94933110507507,18.52780917700795,18.591676394204814,25590200
2023-07-11,18.617225646972656,18.859920869057486,18.521425414324877,18.859920869057486,40877000
2023-07-12,18.62999725341797,19.013199359334827,18.610836721764056,18.649157785071882,40181800
2023-07-13,18.923782348632812,18.981262718094726,18.546968352844157,18.56612766388762,35886500
2023-07-14,18.5533504486084,18.89184575792298,18.43200410786258,18.8407522412496,34451100
2023-07-17,18.51503562927246,18.578902846949966,17.850819732657634,18.144607228541958,52160800
2023-07-18,18.412845611572266,18.64915391358356,18.336204719032867,18.52141949873978,35640400
2023-07-19,18.585289001464844,18.604448313341646,18.246793613040246,18.4000741988837,46517700
2023-07-20,18.604448318481445,18.744956435834457,18.44478088924634,18.566128476551444,33177100
2023-07-21,18.955717086791992,19.070677828886502,18.604448017262566,18.617221703754353,52059200
2023-07-24,19.3516902923584,19.421944345067754,19.00680930794987,19.03235546101146,45268100
2023-07-25,19.79875946044922,19.830692456183662,19.287824219703907,19.479424630441972,56261000
2023-07-26,19.79875946044922,19.939266347112753,19.562451150250947,19.766826464714775,45880200
2023-07-27,18.77050018310547,19.72850463561917,18.7641133405755,19.702958483664947,86471900
2023-07-28,19.006811141967773,19.128158730675164,18.725796122180178,18.796050181668534,43608600
2023-07-31,19.869014739990234,19.8945608945224,19.351691406348884,19.351691406348884,91290800
2023-08-01,19.543289184570312,19.85623712927474,19.128154205601813,19.85623712927474,75752400
2023-08-02,19.498586654663086,19.530519652847346,19.03235684127863,19.485812968123064,62068400
2023-08-03,19.74766731262207,19.881787365852624,19.556066888531056,19.75405415584721,57304400
2023-08-04,19.160093307495117,19.888176463366836,18.994039019316915,19.607162638603043,120685800
2023-08-07,19.281435012817383,19.479422242060163,19.07067409958073,19.07067409958073,44984900
2023-08-08,19.300600051879883,19.40917396173727,18.981265166201197,19.102612763845553,34771300
2023-08-09,19.453880310058594,19.6199345938827,19.26227986927395,19.294212870016093,48561500
2023-08-10,19.562450408935547,19.709345350978257,19.23672996665709,19.35168947784414,54020200
2023-08-11,19.51774787902832,19.82431029520271,19.26228021402126,19.5496820985079,39403200
2023-08-14,19.568838119506836,19.63270532955421,19.332531025946984,19.466651070697328,27992700
2023-08-15,19.70934295654297,20.533227271368755,19.702956114780886,20.469358853747945,87366200
2023-08-16,20.14364242553711,20.424656209521807,19.722119313228564,19.798760211329867,74461000
2023-08-17,20.07977294921875,20.5587739402166,19.996745217457672,20.27776018791994,57570600
2023-08-18,20.130868911743164,20.2330559646421,19.91372111979148,20.060614856062983,45579700
2023-08-21,19.9903621673584,20.45659078036205,19.77960120407142,20.24583103524091,42236900
2023-08-22,20.29488754272461,20.29488754272461,20.049571460619855,20.221955495282536,31372200
2023-08-23,21.3756046295166,21.3756046295166,20.613136370808455,20.68606842519637,95507400
2023-08-24,21.342449188232422,21.693848812790524,21.11039497982713,21.39549159541145,49332300
2023-08-25,21.19658660888672,21.528095334609358,21.0838740215212,21.468423890439343,34079000
2023-08-28,21.435274124145508,21.441903160665994,21.12365629445589,21.282778462960312,24956100
2023-08-29,21.4816837310791,21.54798420927334,21.209846459160367,21.4816837310791,40607500
2023-08-30,21.627544403076172,21.68058680681983,21.415379846503583,21.488311887050603,34637900
2023-08-31,21.176698684692383,21.740261667137055,21.1369168756252,21.68721925504748,48971500
2023-09-01,21.634178161621094,21.673957439261017,21.189956837432202,21.355710572135273,50089200
2023-09-04,21.408748626708984,21.693845194745613,21.355706228376235,21.66732399557924,21667400
2023-09-05,22.124807357788086,22.204370969880266,21.36234171091388,21.39549195135168,75082900
2023-09-06,22.224258422851562,22.409901774408723,22.02535447058304,22.11154458140545,57856500
2023-09-08,22.144697189331055,22.323708974651147,22.05187298501569,22.19773706259602,39074100
2023-09-11,22.124807357788086,22.33697193163145,22.098288682958582,22.1911103678649,30276200
2023-09-12,22.23089027404785,22.396644010130405,22.204371598467628,22.24415087643861,31963000
2023-09-13,21.89937973022461,22.343600995803016,21.89937973022461,22.310450759076495,47685700
2023-09-14,22.456314086914062,22.54250673259737,21.945792307406986,21.945792307406986,46502100
2023-09-15,22.469575881958008,22.53587889339034,22.283932508350027,22.45631527967154,54801500
2023-09-18,22.62870216369629,23.013249540108415,22.44305624789598,22.54250950740334,52363400
2023-09-19,22.681737899780273,22.953573892964275,22.588916223454174,22.681737899780273,43247200
2023-09-20,22.734779357910156,22.94694390332237,22.549133483773808,22.641957685442424,39102300
2023-09-21,22.383380889892578,22.734780490716467,22.29719077784988,22.542505571480888,60109400
2023-09-22,22.56239891052246,22.668481205921513,22.416537335099655,22.555769873585643,31020500
2023-09-25,22.70825958251953,22.76130198680177,22.49609502379266,22.50935562486322,26767200
2023-09-26,22.184480667114258,22.602180813506358,22.184480667114258,22.54250936402177,60687500
2023-09-27,22.887279510498047,22.887279510498047,22.3966472674878,22.449689684765303,53708700
2023-09-28,22.840866088867188,22.900537536986544,22.681741384148435,22.840866088867188,30765000
2023-09-29,22.966833114624023,22.99998335000686,22.70825773775674,22.87401144387175,40227600
2023-10-02,22.622066497802734,23.053027171965148,22.49609458389727,22.9071630922423,34403400
2023-10-03,22.522619247436523,22.69500202607758,22.29719405739737,22.522619247436523,37947300
2023-10-04,21.627544403076172,22.350230714276865,21.475051286114688,22.27729867372985,88895900
2023-10-05,21.700477600097656,21.839710123543284,21.40875195156379,21.554613511230144,35342000
2023-10-06,22.21763038635254,22.423165936219032,21.43527505374131,21.614286868771774,48132800
2023-10-09,23.172372817993164,23.258565468961514,22.608808597601715,22.64196136819044,77528400
2023-10-10,23.344755172729492,23.43094782215452,23.033139874225743,23.13922216228683,48326500
2023-10-11,23.285085678100586,23.37127833474556,22.86738805654721,23.298346281369156,41578500
2023-10-13,24.054183959960938,24.10722637523305,23.722676452114943,23.72930801862474,66943700
2023-10-16,24.31938362121582,24.398944690854904,23.842012144979705,24.133740282324354,49626600
2023-10-17,24.975772857666016,24.975772857666016,24.286239206868643,24.33265005271458,68814800
2023-10-18,25.539337158203125,25.599008607162535,25.134897618500617,25.187940030554056,85931700
2023-10-19,25.41999053955078,25.50618318192086,25.14152297543247,25.43325114062318,56016600
2023-10-20,25.095108032226562,25.764754366263084,24.79012184504192,25.65204054018142,66242400
2023-10-23,23.43757438659668,24.398946443427022,23.377902947780974,24.259713929257376,104499100
2023-10-24,23.78897476196289,23.99450775745129,23.318232271816107,23.636481642045307,78634900
2023-10-25,23.91494369506836,24.054176196417675,23.702779160859663,23.9215752594378,32846500
2023-10-26,23.669633865356445,23.82212699806206,23.304976154173342,23.76908458884205,47858600
2023-10-27,23.49724769592285,24.173523213269092,23.318233365225215,24.007769484386227,45843100
2023-10-30,23.25856590270996,23.682895070465445,23.112701802843507,23.590073381169102,31346900
2023-10-31,23.033140182495117,23.324865846267183,22.86738644710618,23.212151991018036,36965200
2023-11-01,23.285085678100586,23.563553288337637,23.139224100549242,23.2187851909592,46335300
2023-11-03,23.563549041748047,23.795603234123888,23.23867064322086,23.72930275893108,30959700
2023-11-06,23.543659210205078,23.954730290601802,23.543659210205078,23.69615487083044,33583600
2023-11-07,23.15247917175293,23.483986622866468,22.98009641002239,23.251932418767446,48919900
2023-11-08,22.655216217041016,23.07291628083818,22.482833468839534,22.94031280495961,59742900
2023-11-09,23.12596321105957,23.30497755916748,22.781195117948194,22.874016810477904,56231100
2023-11-10,23.019878387451172,23.24530355706842,22.880643334745553,22.980096582506544,40004800
2023-11-13,23.66300392150879,23.702785731150513,22.986728332808152,22.993359899015832,44120000
2023-11-14,23.98788070678711,24.027662513658527,23.530401309171566,23.663002273673733,50888600
2023-11-16,23.57017707824707,24.19341264711967,23.537026842056186,23.8552736620503,72361200
2023-11-17,24.339277267456055,24.47850979457028,23.749194389418548,23.75582595501516,87666300
2023-11-20,24.359169006347656,24.67741586095129,24.047551188022755,24.37905864438502,67796900
2023-11-21,24.107221603393555,24.22656448493123,23.808864399549364,24.22656448493123,49597800
2023-11-22,24.225210189819336,24.225210189819336,23.598221063768914,24.046071565943443,58578300
2023-11-23,24.23210334777832,24.287224551618486,23.98406581546856,24.204545374181897,24068100
2023-11-24,24.30100440979004,24.679953480153532,23.915163874910263,24.101193991995675,53456200
2023-11-27,24.1632080078125,24.390579064445564,23.94272841682992,24.11497826155531,36996000
2023-11-28,24.528369903564453,24.542150202645775,24.21832237336629,24.23210004412431,36875900
2023-11-29,24.2734432220459,24.824642095471617,24.073632809077967,24.73507408551238,37528600
2023-11-30,24.741962432861328,24.748851268751533,24.280334206835995,24.431912251332037,58808800
2023-12-01,24.576601028442383,24.803972033679702,24.480141557732047,24.61105309225903,36388100
2023-12-04,24.052963256835938,24.49392234795299,24.0116223564224,24.41813201135659,35601900
2023-12-05,23.942726135253906,24.232104585221265,23.894496393592682,24.059854756910088,43234200
2023-12-06,23.08147430419922,23.97717278138404,23.08147430419922,23.80492297314375,64179200
2023-12-07,23.026351928710938,23.549992790896155,22.764534125941687,23.184824057128324,64723900
2023-12-08,23.763582229614258,23.798031662014495,23.067691604842747,23.226161096542395,53290700
2023-12-11,23.67401123046875,23.901379583393762,23.59133206834358,23.742910094185863,30613300
2023-12-12,23.481094360351562,23.83937163696198,23.288172794111258,23.80492220209445,30371500
2023-12-13,23.818706512451172,23.85315595311952,23.522436591720457,23.57066633432091,38992900
2023-12-14,24.335453033447266,24.624834082009006,24.004733712464937,24.114973486125713,57950000
2023-12-15,24.390573501586914,24.65928277754105,24.11497276155406,24.30789170258299,56570100
2023-12-18,24.69373321533203,25.010672239408585,24.514594566865494,24.6317231777237,44474300
2023-12-19,24.976221084594727,24.976221084594727,24.673062381764336,24.77641068512036,32183000
2023-12-20,25.0657958984375,25.313836073188728,25.00378585474969,25.058904433403402,38947900
2023-12-21,25.072677612304688,25.27248798834879,24.852198103677768,25.265596525272475,30511900
2023-12-22,25.313833236694336,25.355171508971583,25.0589016254749,25.148472262614796,31234700
2023-12-26,25.720346450805664,25.747904426694152,25.3758467831227,25.396515922120035,23466800
2023-12-27,25.741012573242188,25.789242310799903,25.582543060077757,25.713451972259616,19588500
2023-12-28,25.6583309173584,25.741010083987145,25.520530554094936,25.6514394536174,21421900
2024-01-02,26.03038787841797,26.10617820787354,25.768570085437425,25.796128054793147,24043800
2024-01-03,26.843408584594727,26.953648353036296,25.95459897310265,26.04416960631249,52300200
2024-01-04,26.616039276123047,27.112116902503857,26.53335748145682,26.953647405211886,45344900
2024-01-05,26.678050994873047,26.967429409532944,26.464460287631116,26.781399302255807,35783700
2024-01-08,26.478240966796875,26.478240966796875,25.91326180104518,26.443791530509284,35158100
2024-01-09,26.25086784362793,26.698718364293793,26.202638111042166,26.64359716801103,27279000
2024-01-10,26.00971794128418,26.36799781507946,25.844356988638985,26.250866592721785,27382000
2024-01-11,26.23019790649414,26.2853191010901,25.975268952295902,26.168187876735303,26564400
2024-01-12,26.299095153808594,26.684935607278305,26.299095153808594,26.526466125046923,24479500
2024-01-15,26.581592559814453,26.60915053253034,26.085512254398452,26.175082893614913,13818300
2024-01-16,26.25086784362793,26.72627896243517,26.237090172880542,26.602258899122265,31277700
2024-01-17,26.09929084777832,26.285320950141198,26.057949948923213,26.16130088189928,27577300
2024-01-18,25.995935440063477,26.278424962805975,25.878806855954053,26.278424962805975,22987200
2024-01-19,25.858139038085938,26.11307063352392,25.65143980452479,26.051060600623245,31745200
2024-01-22,25.975276947021484,26.051067298756227,25.65144639990905,25.837476546442318,22753700
2024-01-23,26.299095153808594,26.436895503499425,25.7892372767725,26.071726810893324,32498500
2024-01-24,26.09929084777832,26.554030221890883,26.023500514038993,26.381780419146377,25415300
2024-01-25,27.063888549804688,27.063888549804688,26.27154102294187,26.361109029245856,48655300
2024-01-26,27.53240966796875,27.62198030727372,26.808960974071287,26.939869886652716,41378200
2024-01-29,27.95269775390625,27.966478053512194,27.442839810103386,27.559968414268795,30547500
2024-01-30,27.780445098876953,28.069826104241887,27.594415015783024,27.677094176605948,34829000
2024-01-31,28.08360481262207,28.414326724789902,27.683986663597725,27.7184360961876,57978900
2024-02-01,28.641695022583008,28.855285709510262,28.021594723970487,28.097385052503487,61629200
2024-02-02,28.269636154174805,28.786385550870605,28.262747318681132,28.6485878144104,36485600
2024-02-05,28.39365577697754,28.71748623492171,28.200736846282272,28.255855414342356,27703000
2024-02-06,28.655479431152344,29.179117714165187,28.434999877428663,28.559019954938684,35474600
2024-02-07,29.07576560974121,29.07576560974121,28.5383444678468,28.607245962101604,30648100
2024-02-08,28.841508865356445,29.24801852573178,28.841508865356445,29.14466758747633,25589100
2024-02-09,28.45566749572754,29.165338485458047,28.45566749572754,29.034426950448115,30388000
2024-02-14,28.242080688476562,28.52457027858943,28.152510049175337,28.317868398921433,18315300
2024-02-15,29.144668579101562,29.14466857910156,28.14561911249331,28.25585889049896,33246400
2024-02-16,29.413379669189453,29.551180057189118,28.979311995227622,28.999981133514247,37268900
2024-02-19,29.558067321777344,29.58562529280208,29.323807483964867,29.461605224058808,12826700
2024-02-20,29.248016357421875,29.502945323676265,29.006865062144826,29.46849588958621,42375400
2024-02-21,29.289356231689453,29.434048068112315,29.027538415602063,29.24801795984591,20873800
2024-02-22,29.068876266479492,29.40648704214568,28.80016699009388,29.399595578055894,32162800
2024-02-23,28.869068145751953,29.103327983870656,28.669257742701763,29.0344264854102,43924500
2024-02-26,29.413379669189453,29.440940272454142,28.820842468941333,28.86907221049265,25885700
2024-02-27,29.372037887573242,29.502946794973134,29.199788080209633,29.420267623369174,27678100
2024-02-28,27.856239318847656,29.585626244565386,27.442840828620067,29.296247827070776,112322000
2024-02-29,27.65642547607422,28.41432611849579,27.45661509166391,27.96647561941381,61899800
2024-03-01,27.683990478515625,28.145618721144473,27.65642987731652,27.80111909112643,31248500
2024-03-04,27.615093231201172,28.076721501033813,27.573752326966293,27.746002152126007,21988000
2024-03-05,27.53240966796875,27.81489925809342,27.29126097944412,27.6288691433786,30293300
2024-03-06,28.13872718811035,28.13872718811035,27.635758091888842,27.697768124481815,45481000
2024-03-07,27.828676223754883,28.207625243877743,27.75288589406566,28.000926017294663,50199800
2024-03-08,25.28627586364746,25.53431604226303,24.183875361836463,24.73507692690389,230369800
2024-03-11,24.562822341918945,26.002830763947593,24.321671046784505,24.57660001288814,127528700
2024-03-12,25.368953704833984,25.651443309239085,24.91421427753983,25.045123196738974,76139100
2024-03-13,25.0657958984375,25.720345775514616,25.017566156494073,25.42407585881996,45140600
2024-03-14,24.955551147460938,25.437848470933677,24.907321415113664,25.31383103655732,39983400
2024-03-15,25.02445411682129,25.114024760860996,24.762633649494912,25.01067381555951,59362500
2024-03-18,25.038230895996094,25.30005132649262,24.459471466033083,25.086460629466067,35326100
2024-03-19,24.852197647094727,25.389616110959036,24.50080925802722,25.07267715167101,48540800
2024-03-20,25.28627586364746,25.3138364675656,24.673066882249998,24.962445338418927,39017900
2024-03-21,24.597272872924805,25.534312240018846,24.58349257301772,25.389620405156194,47220200
2024-03-22,24.838420867919922,24.955552099749593,24.411242095833206,24.735072563942037,34426800
2024-03-25,25.217370986938477,25.375843124147355,24.914212269286907,24.927992569406094,26951500
2024-03-26,24.983108520507812,25.265598072505544,24.921098490638887,25.265598072505544,24837800
2024-03-27,25.182924270629883,25.258714615309223,24.88665435687816,24.99689414141435,19995700
2024-03-28,25.741012573242188,25.851252348848906,25.127803657159607,25.148472793734747,31958200
2024-04-01,25.940824508666992,25.982162784240742,25.637663136732943,25.83747356308516,23697800
2024-04-02,26.609149932861328,26.62982169733685,26.02350162975073,26.057951066111908,45930700
2024-04-03,26.471349716186523,26.8778593756373,26.33355196992405,26.664271291936345,31437200
2024-04-04,26.168188095092773,27.201686847481852,25.789239078214756,26.505798844002097,165566800
2024-04-05,26.25086784362793,26.574698300980884,25.610098392619015,26.113070109567634,65469200
2024-04-08,26.616039276123047,26.912309136202083,25.9959389577429,26.20263818776185,36384400
2024-04-09,26.684938430786133,26.96742799479691,26.223310233048934,26.802069660329956,36989300
2024-04-10,27.277477264404297,27.373936727739665,26.636707825592783,26.68493755726047,55821500
2024-04-11,27.07767105102539,27.394610087537572,27.0087721746788,27.28437030838883,33195300
2024-04-12,26.829631805419922,27.59442144922584,26.66427344522195,27.367053046872694,39613500
2024-04-15,27.084562301635742,27.181021779088226,26.616042586874844,26.829630678855736,28692000
2024-04-16,27.208580017089844,27.360158056351526,26.83651981210284,26.877858082663565,37303000
2024-04-17,27.408382415771484,27.525513625477313,27.105223768377797,27.208574681158066,39221700
2024-04-18,27.456621170043945,27.966481810667414,27.318823412118896,27.559972116811494,45078800
2024-04-19,27.925140380859375,28.29720062823339,27.449731816986162,27.594421037079265,80546900
2024-04-22,28.593461990356445,28.65547201305881,27.91824320333232,28.083601511656678,51775500
2024-04-23,28.538345336914062,28.68303716509376,28.221406338660138,28.524567665966796,35456900
2024-04-24,28.407434463500977,28.931075286125076,28.39365416518738,28.627913979872233,45388300
2024-04-25,29.089542388916016,29.26868099565718,28.30408384771031,28.524563346002335,66372400
2024-04-26,29.5003719329834,29.592447975854935,29.089561150004357,29.2453863024337,31899100
2024-04-29,29.854524612426758,29.854524612426758,29.266640645723516,29.37996731736353,27886000
2024-04-30,29.762441635131836,29.897016194307895,29.479123645168915,29.74827546544163,36635400
2024-05-02,29.87576675415039,30.017425741845987,29.63494728564401,29.92534699455578,33244700
2024-05-03,29.495718002319336,30.087258545298937,29.17037140885251,30.087258545298937,45114200
2024-05-06,29.69536590576172,29.843251758836523,29.370019285547578,29.480931559837654,22977200
2024-05-07,30.05768394470215,30.05768394470215,29.577055661920802,29.687970748928137,23808600
2024-05-08,30.516122817993164,30.560489410100928,29.806274268393313,29.83584917577776,25352000
2024-05-09,30.811899185180664,30.937603149938205,30.272118208723207,30.360851414677267,27206400
2024-05-10,30.745349884033203,31.122456092434017,30.686194420377053,30.93759949954018,27968700
2024-05-13,30.774925231933594,31.033726158070547,30.69358787859592,30.86365842867713,18394300
2024-05-14,30.220361709594727,30.538315345446435,29.695369546467813,30.13902433939707,53613200
2024-05-15,28.393970489501953,28.69713515370839,27.728485704323226,27.802427204593116,131281100
2024-05-16,27.565813064575195,28.578829181711107,27.53623815468493,28.320028270185908,83168500
2024-05-17,27.129552841186523,27.669333759595318,26.996455867256927,27.61757413869912,67207900
2024-05-20,27.173919677734375,27.53623984787347,27.08518930123232,27.159130811536063,40400400
2024-05-21,27.122159957885742,27.425324662130603,27.040822604434325,27.20349731133716,27967400
2024-05-22,27.491872787475586,27.69891126939853,26.92251414149973,26.989062627930355,36528800
2024-05-23,27.218284606933594,27.88376662091431,27.04082104412615,27.6841211705138,47987800
2024-05-24,27.07040023803711,27.49926607191594,27.04082250585573,27.410535696059593,23684700
2024-05-27,27.366172790527344,27.41793523917338,27.129556542523343,27.151741254996836,13623300
2024-05-28,27.950321197509766,28.312641424411733,27.661945313183843,27.68412720561253,46437700
2024-05-29,27.913349151611328,28.03905029717173,27.684125931209977,27.883771415942483,29246800
2024-05-31,28.682350158691406,28.756291668935816,28.024261127177624,28.046443016113386,53929400
2024-06-03,28.527069091796875,28.785867178354742,28.423547036486138,28.711925673820378,43454500
2024-06-04,28.20911979675293,28.41615829720416,27.87637733482201,28.393976406638103,34090200
2024-06-05,28.246089935302734,28.416157674185836,28.149963710477348,28.29045371546218,18627100
2024-06-06,28.379182815551758,28.630587875975877,28.29784546943108,28.305238491493167,25944100
2024-06-07,27.314409255981445,28.4457335269264,27.25525661278472,28.260876933319004,46003600
2024-06-10,27.728490829467773,28.142570641302157,27.447507999269874,27.499267623163178,32560900
2024-06-11,27.846799850463867,28.098204954993967,27.72849173190194,27.95771494566669,31131300
2024-06-12,27.240867614746094,28.17627395147757,27.081164730656898,28.100225787925996,52182400
2024-06-13,26.967092514038086,27.52225229122242,26.503191123240434,27.301711432542252,46233500
2024-06-14,26.373905181884766,26.997509392096976,25.970844702395546,26.98990573633647,53534900
2024-06-17,26.47277069091797,26.716128295285806,26.062103645652936,26.16857223493243,40941800
2024-06-18,27.301713943481445,27.484230733040885,26.480379687307778,26.53361399268362,36180700
2024-06-19,27.324522018432617,27.469014687925686,27.050743991139267,27.301708149841986,20776200
2024-06-20,27.75800323486328,28.05459513402646,27.529855843280178,27.54506605619258,39442900
2024-06-21,27.902498245239258,28.107831785194215,27.666747177960833,27.79602964697781,43340200
2024-06-24,28.183883666992188,28.183883666992188,27.742796146016843,28.01657420716681,24599400
2024-06-25,28.16106414794922,28.22950865656124,27.955730622113148,28.176274361090947,18572600
2024-06-26,28.206695556640625,28.22950942644965,27.91770730116938,27.986151811648053,25553200
2024-06-27,28.678197860717773,28.868321160618134,28.381605977041428,28.52609864058722,37731000
2024-06-28,28.936771392822266,29.028029782545183,28.678203537730752,28.746648055285913,22019700
2024-07-01,29.37786102294922,29.476723076759267,29.035638410774144,29.134503365636302,24963500
2024-07-02,29.28659439086914,29.73528553375425,29.233360094344768,29.52995490490401,33346200
2024-07-03,28.777067184448242,29.499536414631795,28.71622632668249,29.43109190017121,38509400
2024-07-04,28.381614685058594,28.868330017968784,28.2295154182611,28.82270226866609,32698800
2024-07-05,28.533708572387695,28.63257351232486,28.221906439710487,28.480474274202685,32758800
2024-07-08,29.233362197875977,29.294203056025484,28.3587966198652,28.5032893063926,48845900
2024-07-09,29.225759506225586,29.431093057683015,29.10408068696028,29.240969721265234,34832500
2024-07-10,28.95197868347168,29.32462166386458,28.883534172830192,29.271387366815823,32899700
2024-07-11,29.14971160888672,29.240969998939324,28.98240214291369,29.020426230347944,17229400
2024-07-12,29.012819290161133,29.286594429338262,29.0052127329039,29.22575647653832,15779100
2024-07-15,29.27899742126465,29.45391056422645,29.050849969621087,29.126898153151526,22969200
2024-07-16,29.20294189453125,29.27899005893906,28.98239815627649,29.16491491127583,19637000
2024-07-17,29.35504150390625,29.423486019942867,29.157314513718152,29.22575902975477,24606100
2024-07-18,29.301807403564453,29.400672349862276,29.16491837055266,29.278993531746444,21315500
2024-07-19,29.42348289489746,29.484323747602303,29.195335499357373,29.278990221300763,30593100
2024-07-22,28.83790397644043,29.347435985968126,28.807486449837846,29.347435985968126,25807800
2024-07-23,28.46526336669922,28.898744299101615,28.46526336669922,28.837903444914527,25284700
2024-07-24,28.69341278076172,28.898746326470754,28.51849966428035,28.640178480139205,23863800
2024-07-25,28.6553897857666,28.708624088415934,28.343587626941115,28.564131395660876,19562600
2024-07-26,28.624969482421875,28.997612503672958,28.457660015608905,28.647783354786576,32043200
2024-07-29,28.0469913482666,28.685805782373105,27.697162255003626,28.526099998057877,39790000
2024-07-30,27.872081756591797,27.963340144066464,27.674351865836208,27.76561025331088,16040700
2024-07-31,28.45005226135254,28.45005226135254,28.107829719906537,28.176274228195737,28561100
2024-08-01,28.016571044921875,28.76946062810524,27.97854696317658,28.708619776471583,29756300
2024-08-02,27.17242431640625,27.986151887038318,27.17242431640625,27.925313933699833,36483900
2024-08-05,27.14961051940918,27.14961051940918,26.313066175609617,26.465165410941502,44765900
2024-08-06,27.62111473083496,27.8796825530277,26.875831690644496,27.07355866006175,36009000
2024-08-07,27.583091735839844,27.94812816372971,27.377758201204614,27.9101040797717,25020500
2024-08-08,28.0241756439209,28.10022671102224,27.499436335653723,27.64392901156891,29870300
2024-08-09,27.765605926513672,28.10022479686252,27.05834990748401,27.476620594368693,66082100
2024-08-12,28.39682388305664,28.75425671204937,27.986156747752506,27.986156747752506,39655100
2024-08-13,28.221908569335938,28.617365457874104,28.115439964931795,28.541314382548368,28557200
2024-08-14,28.71622657775879,28.89874625160011,28.25993174473319,28.282745616068933,37955500
2024-08-15,29.157310485839844,29.324619924383803,28.898742672204378,28.936766753404886,33409000
2024-08-16,29.27899742126465,29.484330998059527,28.921564576356648,29.02803319372016,35472700
2024-08-19,29.233362197875977,29.499536600702395,29.20294466985301,29.355041013123206,28138200
2024-08-20,29.119295120239258,29.415887103847197,28.81509657748366,29.27899804971241,27322600
2024-08-21,28.944379806518555,29.499539639589415,28.853118509893033,29.415884901542064,38491900
2024-08-22,29.032913208007812,29.173698051433398,28.829558980623464,29.15805495954003,26334300
2024-08-23,28.8530216217041,29.35358861907265,28.8530216217041,29.22844686973051,29239000
2024-08-26,30.94915008544922,30.980436270633927,29.494375294123476,29.611696996758713,102270300
2024-08-27,30.53462028503418,30.792723868230578,30.46422785623243,30.69886829103325,35073100
2024-08-28,30.97261619567871,31.175973435219657,30.331264256108266,30.45640602520457,43284500
2024-08-29,30.761438369750977,31.152506726445814,30.722329147189665,31.01172187934649,25356600
2024-08-30,30.792720794677734,31.01172109776548,30.409475485599913,30.675402080794907,84437200
2024-09-02,30.50333023071289,30.816186093191696,30.41729471935049,30.7614367648001,15288400
2024-09-03,30.135725021362305,30.362545372339614,30.01840631071567,30.33908222693321,35866300
2024-09-04,30.14354705810547,30.440756835434264,30.12790396714903,30.29997498405535,28851300
2024-09-05,29.955829620361328,30.41729030962965,29.955829620361328,30.229579206247326,26206600
2024-09-06,29.369230270385742,30.07315444067303,29.306660890590486,30.010582077263265,32971700
2024-09-09,29.689903259277344,29.916723578949863,29.416156655268583,29.596047706990657,30521800
2024-09-10,29.197160720825195,29.65861845072438,28.939054210595806,29.65861845072438,37263500
2024-09-11,29.165878295898438,29.588232830499326,28.837379330003944,29.533480516504632,32907000
2024-09-12,28.837383270263672,29.18934543052221,28.74352768873311,29.165882281043352,22103300
2024-09-13,28.704418182373047,29.369233200038913,28.618382665909625,29.025094117800023,34729600
2024-09-16,29.10330581665039,29.502197203456525,29.06419957847315,29.126771946448514,22614800
2024-09-17,28.970346450805664,29.087665175221204,28.70441983173615,29.07202208190947,23443700
2024-09-18,28.27424430847168,28.88431001013871,28.27424430847168,28.868666917324827,38777000
2024-09-19,28.36809730529785,28.766985693172014,28.305524939725256,28.602737708965865,25059700
2024-09-20,28.360273361206055,28.469774997457677,28.21166847314348,28.368096398459855,48336200
2024-09-23,28.649669647216797,28.90777322016773,28.3289937028748,28.461955516658485,28218500
2024-09-24,28.766986846923828,29.1815213264314,28.720060554476927,29.11894895834923,35104100
2024-09-25,28.97816276550293,29.27537553283528,28.90777034649302,29.017269001927414,38655300
2024-09-26,28.35245704650879,28.876487234267728,28.133459712354593,28.876487234267728,58048200
2024-09-27,28.242956161499023,28.454133424398822,28.102171319565826,28.454133424398822,34537400
2024-09-30,28.164745330810547,28.375922628410382,28.09435289827727,28.28206704623773,21146300
2024-10-01,28.91559410095215,29.34576867951749,28.023958760460253,28.16474061835638,49748200
2024-10-02,29.314483642578125,29.666445760119526,29.2128050344851,29.525660913102964,32014500
2024-10-03,29.674264907836914,29.752480366909094,29.10330548287608,29.283196563320068,31033000
2024-10-04,29.596052169799805,29.877621852732165,29.46308738236412,29.838515615350374,22526800
2024-10-07,30.010583877563477,30.018406915266244,29.642981663129866,29.75248032205114,36418000
2024-10-08,29.408340454101562,29.52566215943934,29.291021732378695,29.306664825331392,34142000
2024-10-09,29.111129760742188,29.34577018072518,28.946878781500757,29.228448478926275,30789800
2024-10-10,29.447446823120117,29.51783924277468,29.189340289848513,29.2519126555924,20630100
2024-10-11,29.42397689819336,29.447443024127278,29.189336524153802,29.40833380877549,16343000
2024-10-14,29.49437141418457,29.642979282455382,29.212801751791922,29.3066602949991,22279000
2024-10-15,29.251914978027344,29.25973503255889,28.98598836973201,29.103307089394306,28204600
2024-10-16,29.10330581665039,29.392698543114363,29.08766272465655,29.36923241331624,23041200
2024-10-17,28.884309768676758,29.10330709901062,28.696595640094262,29.10330709901062,22174300
2024-10-18,28.80609703063965,28.993808173924524,28.477598054468874,28.92341574928899,32000800
2024-10-21,28.35245704650879,28.978165846674276,28.31335080592624,28.93905960609173,28390000
2024-10-22,28.242956161499023,28.391561057488655,28.14910059474845,28.313348582465622,29144300
2024-10-23,27.8909969329834,28.10999427252419,27.820604504757434,28.08653112432053,30769100
2024-10-24,28.078710556030273,28.180386185463625,27.812783941329723,28.039601331585985,23058900
2024-10-25,28.27424430847168,28.540170919077926,28.039600899878316,28.12563641854723,32585900
2024-10-28,28.227313995361328,28.258600179842304,27.640711462609527,27.758033162605795,27507100
2024-10-29,28.164745330810547,28.485421304881005,28.000497316104614,28.415031855962887,26090200
2024-10-30,28.039596557617188,28.44630795694946,28.039596557617188,28.250773802479006,26144700
2024-10-31,28.086528778076172,28.196027438699456,27.867531456829603,28.055242594008167,25597000
2024-11-01,27.703279495239258,28.44630993049989,27.60942392999396,28.313348128370265,30605300
2024-11-04,27.765853881835938,28.117816006638513,27.671998309760195,28.078709766908194,24003600
2024-11-05,27.67981719970703,27.844065189832996,27.398247511711247,27.76585271366293,23990600
2024-11-06,27.687639236450195,27.734565527009735,27.406069558634524,27.41388961252291,28440800
2024-11-07,27.77367401123047,28.070886804489092,27.585962866572807,27.75803390218804,34081200
2024-11-08,28.297704696655273,28.407203352060666,27.797137709879426,28.03959816581577,49865100
2024-11-11,28.35245704650879,28.485418861212434,28.078710378816044,28.149102805310594,21446300
2024-11-12,28.884309768676758,29.025094619209913,28.422848977176933,28.438492069860043,39412300
2024-11-13,28.845199584960938,28.99380446971045,28.571449975856744,28.899948910058885,34090000
2024-11-14,29.150232315063477,29.197161586573362,28.82955641878202,28.876482706677468,30262100
2024-11-18,29.877622604370117,29.95583508110131,29.09548590259925,29.09548590259925,39004100
2024-11-19,29.56476593017578,29.95583427047867,29.447447218253707,29.799406337634583,26002700
2024-11-21,29.650802612304688,29.82287364358378,29.369232918798815,29.697731889093923,36048400
2024-11-22,30.831825256347656,31.152504146550584,30.08879782705312,30.276508951897064,85234900
2024-11-25,30.64411735534668,31.175970571047788,30.620654208176433,30.800545298249624,41119500
2024-11-26,30.605005264282227,30.902215016999207,30.550255942275715,30.7848963199628,35188200
2024-11-27,30.495512008666992,30.784901759494247,30.307797883180648,30.65976000370829,30600700
2024-11-28,30.182661056518555,30.737977502031438,30.01841303465395,30.35473211768069,33113500
2024-11-29,30.42511558532715,30.675399064000516,30.041867330325445,30.112259745178232,44011700
2024-12-02,30.62065887451172,30.816193087034485,30.323446036064823,30.42512466198895,31711800
2024-12-03,30.894399642944336,30.894399642944336,30.56590366115443,30.81618716640809,22536200
2024-12-04,30.698867797851562,31.175971698330322,30.487690514838917,30.894401987646795,31584400
2024-12-05,31.003902435302734,31.1368672434717,30.667583370870517,30.808368234289357,25214200
2024-12-06,30.52679443359375,31.050827573856267,30.472045103305618,31.00389829777441,31118500
2024-12-09,31.316757202148438,31.418432834744586,30.784903956203117,30.800547049744452,28548700
2024-12-10,31.434072494506836,31.62178661288242,31.371503110791437,31.52010800777837,21837600
2024-12-11,31.746925354003906,31.879887146552218,31.246358397280662,31.559211253425488,46900900
2024-12-12,31.17908477783203,31.626358454717924,31.00017406619328,31.488111524605056,38310600
2024-12-13,30.98390769958496,31.496240920762936,30.837526779248396,31.390520677806343,23235400
2024-12-16,30.853797912597656,31.114030023129384,30.764345645149184,31.057104442838785,21349400
2024-12-17,31.146556854248047,31.301071787971058,30.76434272320061,30.853794982153047,39617200
2024-12-18,30.34146499633789,31.227881513583682,30.341464996337887,31.130292154139447,58126400
2024-12-19,30.219478607177734,30.845663011280383,30.073097676233683,30.626091614864308,43268400
2024-12-20,29.967376708984375,30.373989706947313,29.85352556590851,30.21947788451735,59277400
2024-12-23,29.975515365600586,30.130027212048,29.8616642048276,30.08936652637357,43785600
2024-12-26,30.200849533081055,30.395039677863377,30.05731572646629,30.082647116324363,22920700
2024-12-27,30.107980728149414,30.39504517249845,30.06576603178703,30.39504517249845,24167200
2024-12-30,30.555456161499023,30.70743161445734,30.200848918445768,30.20929056771046,22355600
2025-01-02,31.0451602935791,31.315338202092473,30.555460821414417,30.74965099185998,30046800
2025-01-03,30.715879440307617,31.27312174785387,30.66521987752176,31.13803280119946,23314200
2025-01-06,30.57234764099121,30.977614507707546,30.445703556828153,30.901626768899813,23760200
2025-01-07,31.222461700439453,31.450424898275596,30.648332880876087,30.85940955804572,37753300
2025-01-08,30.96916961669922,31.34066340045861,30.7580929444048,31.230905849823092,24483500
2025-01-09,31.104257583618164,31.214018351589218,30.98605516616056,30.98605516616056,11526600
2025-01-10,31.188688278198242,31.678387709222843,31.154918458052148,31.450424514170816,40328800
2025-01-13,31.298450469970703,31.68683079584401,31.214021084615496,31.492640632907356,22897100
2025-01-14,31.087371826171875,31.34910805751346,30.88474002578272,31.332221537351966,29173100
2025-01-15,31.484201431274414,31.509529604695885,31.07048968099963,31.180250467117407,32512700
2025-01-16,31.28156280517578,31.441983140570585,31.045157958203845,31.41665174927039,26733200
2025-01-17,31.408212661743164,31.577074660831382,31.112703358145094,31.24779231326072,39941100
2025-01-20,31.484201431274414,31.602403868274397,31.332225949195912,31.425100212774424,13912800
2025-01-21,31.49264144897461,31.53485614274612,31.002945203830656,31.323779453113882,23612200
2025-01-22,31.315332412719727,31.771258756837895,31.264672856448552,31.54329558477881,21832200
2025-01-23,31.09581756591797,31.585513781193132,30.986056792187103,31.340664063168308,26725700
2025-01-24,30.935396194458008,31.154917734569374,30.73276439518916,31.138031214501236,16216500
2025-01-27,31.39132308959961,31.49263899089822,30.791866110819047,30.87629549177215,29809700
2025-01-28,31.349105834960938,31.653056734769905,31.138029179068504,31.577069009817663,27621700
2025-01-29,31.15491485595703,31.517966951941137,31.036709226401907,31.40820619202699,18204400
2025-01-30,31.568628311157227,31.669944217555845,31.070487208600007,31.27312224217184,30916000
2025-01-31,31.821918487548828,32.39604730344848,31.450424697579717,31.568627120716503,37044800
2025-02-03,31.6614990234375,31.923235241509975,31.560183128379286,31.88101733285934,24877600
2025-02-04,31.349105834960938,31.534851102019843,31.08736962217562,31.492636414996188,34290300
2025-02-05,31.12114715576172,31.29845079933826,31.028272898428874,31.281564277934592,20539800
2025-02-06,31.062042236328125,31.340661754319836,30.986054509462342,31.10425692441484,17512400
2025-02-07,30.884740829467773,31.26467627027775,30.707433973545378,31.121145676331665,21438700
2025-02-10,31.09581756591797,31.26467633070455,31.00294331282066,31.078931045284413,17483300
2025-02-11,31.09581756591797,31.31533589260522,30.969170271553548,31.247789810070994,16624300
2025-02-12,30.631450653076172,31.028275892416282,30.487920038457375,30.943846498025806,37364500
2025-02-13,30.665218353271484,30.673663223703304,30.411926993481426,30.56390245351034,15351300
2025-02-14,31.610841751098633,31.72904739478318,30.732765229148963,30.766535049427226,40322000
2025-02-17,31.805028915405273,32.01610557097587,31.63617016756813,31.779700747384535,22615200
2025-02-18,32.38760757446289,32.45515043992938,31.8388068964648,31.847251767632276,44062600
2025-02-19,32.45514678955078,32.64089528504732,31.973892251922745,32.176527267080274,32648200
2025-02-20,32.50581359863281,32.56491482024105,32.34539645723545,32.43826750492338,26641200
2025-02-21,32.412933349609375,32.531135771016146,32.22718484695621,32.531135771016146,30115200
2025-02-24,32.18497085571289,32.51424995700588,31.91479296640713,32.50580830705392,27830300
2025-02-25,32.041439056396484,32.45514752475225,31.940123156909777,32.18496964560479,31960900
2025-02-26,32.041439056396484,32.29473041550043,31.872577076735723,32.29473041550043,27420200
2025-02-27,30.91006851196289,31.019829283748674,29.9560010481083,30.698991838945688,129693500
2025-02-28,30.3359375,30.859406709239437,30.234621606128478,30.80875037269077,55476800
2025-03-05,29.22989845275879,29.6436101727229,29.17079723858886,29.567622437250908,48552000
2025-03-06,28.925947189331055,29.65205149337553,28.731757027677812,29.39031846803944,47749600
2025-03-07,29.23834228515625,29.4916336541403,28.900618312661184,28.951277874767793,28074700
2025-03-10,29.22989845275879,29.22989845275879,28.706429175493156,29.196128630929266,35037200
2025-03-11,28.790855407714844,29.46630330271606,28.6304383040779,29.33965601720977,28805400
2025-03-12,28.790855407714844,29.044149978727432,28.67265299232191,28.841514966072214,20149100
2025-03-13,29.077919006347656,29.16235160131456,28.74019828880256,28.858400700982052,19263600
2025-03-14,29.97288703918457,30.19240535810548,29.0188195921768,29.213009741430707,41529400
2025-03-17,30.530128479003906,30.741205142498337,30.05731559329763,30.06576046347101,31175900
2025-03-18,30.555456161499023,30.741204653064575,30.319051332796853,30.555456161499023,15086400
2025-03-19,30.530128479003906,30.673662284982747,30.42036771217,30.62300272626534,21180500
2025-03-20,30.597675323486328,30.80030712188146,30.192405285147327,30.530129243505037,46921900
2025-03-21,31.070486068725586,31.264676224188154,30.547016813966735,30.580789855118784,61175700
2025-03-24,31.028270721435547,31.1886878323533,30.817194049861154,30.98605603127555,20348000
2025-03-25,31.273122787475586,31.67838964091122,30.926957148867565,31.112702443708077,28036100
2025-03-26,31.568628311157227,31.771263344729057,31.365996498359987,31.365996498359987,26870300
2025-03-27,31.805028915405273,32.05832347870932,31.56862409181394,31.602397129691038,28444400
2025-03-28,31.602399826049805,31.982338482648576,31.315335421150113,31.788148329447967,22057700
2025-03-31,31.374435424804688,31.779702235990595,31.30689256666086,31.534852531073803,26049400
2025-04-01,31.49264144897461,32.058328651991836,31.408212061431588,31.49264144897461,19075600
2025-04-02,31.408212661743164,31.4926420508999,31.095820056933544,31.467313878307827,16959200
2025-04-03,30.39504623413086,30.64833764192695,30.06576708191844,30.5216935484164,65896000
2025-04-04,29.17079734802246,29.55917767710317,28.546012161375174,29.331217690606607,87263200
2025-04-07,28.014097213745117,29.17079651777014,27.954996001035596,28.638882382609918,85724900
2025-04-08,27.0178165435791,28.655770512054687,26.916499022970243,28.453138691611684,62128500
2025-04-09,28.115413665771484,28.35182174198768,26.20728185947586,26.435243454310644,106391600
2025-04-10,26.367698669433594,27.879008482128373,26.34237049829862,27.862121961113537,71250600
2025-04-11,26.891170501708984,27.271107575691154,25.987762530416305,26.59566281502018,65329400
2025-04-14,26.789852142333984,27.76080616963376,26.545004028163998,27.524398095231238,56015200
2025-04-15,26.173507690429688,26.90805522773148,26.156621169942927,26.78985119471139,58276900
2025-04-16,26.173507690429688,26.57033125954519,26.046862007553443,26.418357406326027,73227700
2025-04-17,26.691003799438477,26.976515277835194,26.353579942997058,26.535269965728943,65752700
2025-04-22,26.751562118530273,27.03707354920136,26.24110203790439,26.647739030008058,41683900
2025-04-23,26.448747634887695,27.495624023181,26.388184851720954,27.123593612057235,71566500
2025-04-24,26.32762336730957,26.682349672109655,26.00750366164961,26.656393485095446,61589200
2025-04-25,26.405488967895508,26.5871773173431,26.128629587663703,26.2497551539621,35581500
2025-04-28,26.301668167114258,26.63043994744756,26.171890527598364,26.440097869292842,27362000
2025-04-29,26.440095901489258,26.656392501321953,26.085369609780606,26.2151472396378,33041100
2025-04-30,25.946941375732422,26.45740151203473,25.920985188217795,26.310319749876232,52798300
2025-05-02,26.656394958496094,26.656394958496094,25.929638184049168,26.12863232839963,33146600
2025-05-05,25.66143226623535,26.49201219050633,25.66143226623535,26.448751874016395,59011700
2025-05-06,26.085369110107422,26.293013643943866,25.92098323532405,26.050762512907383,52751300
2025-05-07,26.206499099731445,26.215149512288033,25.869075252596186,26.215149512288033,35050400
2025-05-08,26.569873809814453,26.846734846680132,26.344926795817518,26.466052364925424,44665000
2025-05-09,26.74291229248047,26.976513023523758,26.50931156143718,26.90729817546043,25075600
2025-05-12,27.383150100708008,27.833045788852942,27.383150100708008,27.599446707585972,53493600
2025-05-13,27.798442840576172,27.902264295230253,27.123596784475584,27.486975176189397,56165300
2025-05-14,27.60809898376465,27.789787342847834,27.426410624681463,27.685965894860917,28060100
2025-05-15,27.5734920501709,27.763832469313765,27.331239257451863,27.42641029212937,32468300
2025-05-16,27.70326805114746,27.824393615263038,27.391800428893635,27.54753424002055,48111800
2025-05-19,27.66866111755371,27.772482563091977,27.426409977823013,27.547535547688362,30200500
2025-05-20,27.781137466430664,28.040692741615448,27.642707766303822,27.729225091223952,33485800
2025-05-21,27.469667434692383,28.02338618719785,27.417756714198006,27.867652375502676,28724100
2025-05-22,27.10628890991211,27.38314828431721,27.00246581940418,27.374496222590544,42207300
2025-05-23,27.166854858398438,27.166854858398438,26.708307084920456,26.89864751445733,25732400
2025-05-26,27.08033561706543,27.27932975760833,26.941905915077804,27.218765319053055,21277100
2025-05-27,27.279329299926758,27.40045487458068,27.132247537756058,27.270677237421165,34361500
2025-05-28,27.192808151245117,27.44371134300094,27.192808151245117,27.400452684143332,30516200
2025-05-29,27.028425216674805,27.253373897665128,26.864039324756448,27.236069772155357,20778800
2025-05-30,26.73426055908203,27.054380266695645,26.73426055908203,26.950557168217344,45127700
2025-06-02,26.88999366760254,27.383149659300848,26.829430882686907,27.37449759713974,35111000
2025-06-03,26.898164749145508,27.005114749374776,26.194070164554464,26.630786348693125,59828700
2025-06-04,26.158418655395508,27.138802646046038,26.087118094253988,26.951637610587376,41952900
2025-06-05,26.16733169555664,26.416882812038192,26.03364165465354,26.29210725379742,23774000
2025-06-06,26.443622589111328,26.586223720503362,26.16733310953171,26.24754645843218,28069300
2025-06-09,25.997995376586914,26.265372090940033,25.721705878430065,26.04255759566587,43834800
2025-06-10,26.78230094909668,26.933814869904324,26.158421398666096,26.21189640014537,46241800
2025-06-11,27.67355728149414,27.771596195064543,27.005113852473126,27.005113852473126,52432400
2025-06-12,28.297439575195312,28.44004070950034,27.38835606904605,27.45074385281205,51729500
2025-06-13,28.992618560791016,29.5630230759927,28.671765171020297,29.509549777616975,74902600
2025-06-16,28.707414627075195,29.349121369149863,28.582639071644877,28.992616868024182,45972200
2025-06-17,29.358034133911133,29.491724179463258,28.850017400619596,28.858931883591918,57633400
2025-06-18,29.331300735473633,29.59867745633155,28.956974006248444,29.37586295563671,49342900
2025-06-20,29.25108528137207,29.554113116579405,29.081747496945322,29.170871930879567,85062700
2025-06-23,28.520252227783203,29.714537925816785,28.35091275419768,29.669975711686675,54592400
2025-06-24,27.958763122558594,28.37765375431812,27.753772498562544,27.887462553324212,48728300
2025-06-25,27.816158294677734,28.110275034165802,27.816158294677734,27.914197207840424,23127700
2025-06-26,28.03897476196289,28.163752033017563,27.90528640720543,27.940937541775238,17227000
2025-06-27,27.816158294677734,28.0300616870217,27.75377051355222,27.97658498896594,16482100
2025-06-30,27.967674255371094,28.065713175717878,27.718123112582433,27.81616033298955,23091100
2025-07-01,28.065711975097656,28.137012541407067,27.86072305945055,28.030062541912745,17014100
2025-07-02,28.5648136138916,28.734154782507854,28.056796907800653,28.145923033416835,28311600
2025-07-03,28.662853240966797,28.8678421450678,28.466777119644902,28.520252116380057,14322300
2025-07-04,28.62720489501953,28.796546084358468,28.493516540205228,28.520254891143953,9356900
2025-07-07,28.573728561401367,28.751977415655684,28.43112573813106,28.627201857726078,17938800
2025-07-08,28.98370933532715,29.04609712068348,28.54699143795352,28.582642572408368,28778300
2025-07-09,28.80545425415039,29.081745419415725,28.573728702547744,29.028268722947892,22338900
2025-07-10,28.73415756225586,28.903495347374978,28.270701324228973,28.529165243586355,23102800
2025-07-11,29.08174705505371,29.144134837835555,28.653943658887144,28.698505875177148,23946700
2025-07-14,28.698503494262695,29.206520197556344,28.627201234210798,29.081744642344415,24106300
2025-07-15,28.475690841674805,28.858932014119922,28.350913578591094,28.734156450975764,18688300
2025-07-16,28.333091735839844,28.475692875314284,28.04788775695129,28.431128956766223,27588900
2025-07-17,28.04788589477539,28.315264288492738,27.98549811288988,28.315264288492738,27497600
2025-07-18,27.62008285522461,28.163750732736176,27.27249280891503,27.985498467996113,57635000
2025-07-21,27.67355728149414,27.878547891681304,27.42400615595427,27.530956152631486,16412000
2025-07-22,27.940937042236328,28.145925962528874,27.620083636603034,27.67355863756204,24557100
2025-07-23,28.511341094970703,28.546990528349983,27.89637264473676,27.940936561385367,27418600
2025-07-24,28.466777801513672,28.538078365514913,28.208312194546956,28.457865018521073,17856300
2025-07-25,28.50242805480957,28.680680319918583,28.44004027200329,28.511340838058977,13341000
2025-07-28,28.53807830810547,28.90349391036918,28.235050486724894,28.66285386987175,27972800
2025-07-29,28.912405014038086,29.055006141855472,28.51133997952901,28.689590539330975,33284000
2025-07-30,29.20652198791504,29.25999868623208,28.760893034910318,28.78762968412929,27110400
2025-07-31,29.09065818786621,29.18869710379857,28.894580356001494,28.92132040572434,23544900
2025-08-01,28.707414627075195,29.33129580410569,28.555902424018065,29.233256896302183,24191800
2025-08-04,28.662853240966797,28.760892151597492,28.484600985263622,28.70741545492284,15215600
2025-08-05,28.79654312133789,28.88566754875053,28.546988604800358,28.636116432091967,20635500
2025-08-06,28.832191467285156,29.358033759943986,28.68959034045627,29.055005940447728,32854600
2025-08-07,28.992618560791016,29.27782081839186,28.903494130245413,29.090657474318636,21111400
2025-08-08,27.210105895996094,28.564816691552846,27.210105895996094,28.07462549775832,107235300
2025-08-11,27.37944221496582,27.6557333893244,27.25466665231327,27.370529431927846,28045800
2025-08-12,27.45074462890625,27.869636960217456,27.317056274208067,27.44183354520741,37973300
2025-08-13,27.24575424194336,27.504219853761285,27.103153111264355,27.45074315480198,38340700
2025-08-14,26.898164749145508,27.388355933398802,26.755563615546745,27.388355933398802,43087500
2025-08-15,26.889251708984375,26.933813925331023,26.506010528620678,26.82686392612323,55416100
2025-08-18,27.058591842651367,27.227929628798506,26.755564004365418,26.96055292440014,31498100
2025-08-19,26.773387908935547,26.942725684568412,26.604048433363157,26.915989035752446,39294300
2025-08-20,26.933815002441406,27.058592273093247,26.826864998956573,26.84469056618393,23706600
2025-08-21,26.996204376220703,27.120979946417464,26.74665153588753,26.933814891182674,23327000
2025-08-22,27.772708892822266,27.772708892822266,27.16201911611049,27.244052200930334,49813600
2025-08-25,27.936777114868164,28.055270129870827,27.727137766484834,27.77271093317517,21075300
2025-08-26,27.73625373840332,27.872974981863567,27.5539575881197,27.781826906721758,21789700
2025-08-27,27.945890426635742,27.96412038762491,27.672447965817337,27.75448105176381,16349100
2025-08-28,28.191991806030273,28.374286214125974,27.991465697068634,28.055270565332272,25802500
2025-08-29,28.346942901611328,28.574812214745656,28.119073588477,28.191991699139788,27713400
2025-09-01,28.410743713378906,28.5930398444166,28.30136568705534,28.438088654585986,9889700
2025-09-02,28.556581497192383,28.656844548641306,28.25579408135046,28.25579408135046,19812000
2025-09-03,28.310482025146484,28.574811253977135,28.18287577040332,28.365171910183413,29788800
2025-09-04,28.310482025146484,28.54746631145867,28.19199075124281,28.25579387861439,24816500
2025-09-05,27.88208770751953,28.337826307853614,27.517497174953224,28.328711327226358,46121900
2025-09-08,27.991466522216797,28.22845082438157,27.809172108747322,28.100844561102445,18164200
2025-09-09,28.210222244262695,28.392516655433475,28.08261424408773,28.12818915075912,31283900
2025-09-10,28.72064781188965,28.747992754733247,28.18287610549956,28.219334290786165,35949600
2025-09-11,28.611268997192383,28.693302084976697,28.50189270581651,28.529235909408072,17607900
2025-09-12,28.419858932495117,28.893827486370444,28.401628971537274,28.665958189911702,19318400
2025-09-15,28.66596031188965,28.75710664641638,28.310483000916808,28.529237333089768,21978400
2025-09-16,28.73887825012207,28.875599489596453,28.565697086251916,28.80268137930979,19154700
2025-09-17,28.912057876586914,28.975862744723315,28.67507358188068,28.747993431179424,29148100
2025-09-18,28.629499435424805,29.0032049577754,28.42897507222602,28.957631792027215,25702900
2025-09-19,28.310482025146484,28.665959323867177,28.173760789563836,28.647729362188205,48871300
2025-09-22,28.593042373657227,28.68418870873381,28.10995880062877,28.25579502295719,22016100
2025-09-23,29.076122283935547,29.24930343842883,28.675071829821288,28.70241677163753,39895300
2025-09-24,29.732385635375977,29.74150235460711,29.22196062274044,29.313106952994037,36414400
2025-09-25,29.495405197143555,29.896453946716715,29.386028897625398,29.80530760995323,29556300
2025-09-26,29.3951416015625,29.841766988338772,29.303995266470107,29.61389767359798,27819700
2025-09-29,28.994089126586914,29.6594688011281,28.921171020425458,29.404252821805823,35720000
2025-09-30,28.675073623657227,29.076124102860128,28.40163114240814,28.884714713686748,48611500
2025-10-01,28.602155685424805,28.757106889336015,28.529237574084522,28.665960554039344,24817000
2025-10-02,28.32871437072754,28.629501809723,28.274026219593356,28.60215686490342,25497100
2025-10-03,28.25579261779785,28.556580018060025,28.25579261779785,28.401628827712557,19756800
2025-10-06,28.000579833984375,28.46543342914537,27.982351610677846,28.438090224933152,21245400
2025-10-07,28.10084342956543,28.128188372811977,27.66333476864991,28.000580376166294,29068800
2025-10-08,27.936777114868164,28.328712607022574,27.80005587629229,28.328712607022574,17687400
2025-10-09,27.535724639892578,28.109956234072786,27.517496417644516,27.94589006430701,22879700
2025-10-10,27.289630889892578,27.49015527033287,27.22582775695726,27.43546711903188,50214400
2025-10-13,27.553956985473633,27.5904169101349,27.3169726906901,27.481038874656,13890500
2025-10-14,27.362545013427734,27.763593715812327,27.2349370276647,27.29874188979858,28138200
2025-10-15,27.11644744873047,27.499267952840974,27.04352934025727,27.389889920878755,40261000
2025-10-16,26.84300422668457,27.17113483639475,26.80654430421411,27.107331710576236,28660900
2025-10-17,27.098217010498047,27.298743109151975,26.715396513118954,26.888577669636945,36238600
2025-10-20,27.11644744873047,27.253168684804614,26.870348180694105,27.070874282874033,31442800
2025-10-21,26.897693634033203,27.33520229317963,26.8612337098519,27.307857350043655,25509900
2025-10-22,27.20759391784668,27.371660086882688,26.99795458563611,27.125560833328677,27088800
2025-10-23,27.517498016357422,28.0005798348397,27.44457990761454,27.81828543223492,40060800
2025-10-24,27.1984806060791,27.75448227114292,27.17113566339397,27.617759296222093,24370300
2025-10-27,27.344314575195312,27.49015078051598,27.06175714469961,27.49015078051598,24771400
2025-10-28,27.335201263427734,27.663333614678827,27.125561922797225,27.25316817561496,25324800
2025-10-29,27.362545013427734,27.490151260686037,27.162018923730706,27.426348137056888,24854900
2025-10-30,27.244050979614258,27.490150223041482,27.12555971713337,27.271395919496616,22657200
2025-10-31,27.11644744873047,27.426349844367774,26.93415130829505,27.34431675502232,29516300
2025-11-03,27.43546485900879,27.77271045917312,27.162020648019094,27.234938756582046,54977300
2025-11-04,27.572185516357422,27.581300497049522,27.262283126845254,27.344316214569346,35035200
2025-11-05,28.11907196044922,28.21022002812667,27.5357253704164,27.572185292889298,40375900
2025-11-06,28.264909744262695,28.511009019118294,28.164646690394513,28.23756480088822,43435700
2025-11-07,29.331335067749023,29.331335067749023,28.119070523549233,28.456316096666143,97315600
2025-11-10,29.495405197143555,29.66858462779813,29.103469690442797,29.44071530887954,41064200
2025-11-11,30.261045455932617,30.479798049244714,29.57743751706521,29.659470608809688,68221300
2025-11-12,29.486286163330078,30.31573028002286,29.240190377979015,30.31573028002286,67646400
2025-11-13,29.6138973236084,30.024059303686517,29.45894438337086,29.49540430778084,38517200
2025-11-14,29.8053035736084,30.23369547079421,29.695927288902386,29.714153772178886,27371300
2025-11-17,29.969371795654297,30.151667934012988,29.83264882263287,29.8599920264333,63708200
2025-11-18,30.06963348388672,30.23369617626929,29.777957589515694,29.805304269087355,26520500
2025-11-19,29.914682388305664,30.060518605917377,29.6594698767376,29.89645242647799,48719300
2025-11-21,29.686811447143555,29.841764375646026,29.495402074001827,29.677698205236116,40869300
2025-11-24,29.659469604492188,29.850878986411285,29.495403426558774,29.67769956615253,38665600
2025-11-25,29.422483444213867,29.568319659814307,29.249304024753854,29.486286571225957,28431100
2025-11-26,29.37691307067871,29.540979263447813,29.25842004767659,29.513636056989622,25042100
2025-11-27,29.531864166259766,29.531864166259766,29.349568021626602,29.42248439327401,16087400
2025-11-28,28.975862503051758,29.449831088511115,28.520123879765045,29.413371164165834,60420500
2025-12-01,29.030550003051758,29.322220698778988,28.77533575384627,29.12169807337549,29489100
2025-12-02,29.23107147216797,29.23107147216797,28.656841641453425,29.103465229454663,25574100
2025-12-03,29.4498291015625,29.623008515003708,29.303992891030553,29.303992891030553,36630000
2025-12-04,29.6412410736084,29.850880427307086,29.577437943222268,29.613897868302864,33009700
2025-12-05,28.593042373657227,29.996716448194483,28.593042373657227,29.623010911164798,74495100
2025-12-08,28.85736846923828,29.15815588045441,28.70241727324786,28.775335380860717,30271600
2025-12-09,29.03966522216797,29.07612340749365,28.556581662442486,28.81179591374168,23863000
2025-12-10,29.11258316040039,29.15815632641614,28.747992616759856,29.057893274975676,22123700
2025-12-11,28.629499435424805,29.076123066075397,28.48366321882481,29.057893104374187,64927900
2025-12-12,28.79356575012207,28.912057024731553,28.565696443292047,28.62949957104368,39659900
2025-12-15,28.893827438354492,29.07612183211569,28.79356439175774,28.875597477426943,31898900
2025-12-16,28.018808364868164,28.738876173099833,27.900317096155295,28.738876173099833,52661900
2025-12-17,28.32871437072754,28.32871437072754,28.091730064472785,28.12818999089889,39337100
2025-12-18,28.16464614868164,28.511008470743562,28.100843020539934,28.438090361652346,34311000
2025-12-19,28.264909744262695,28.474549094618997,28.228449819763394,28.319597892506753,45807700
2025-12-22,28.346942901611328,28.738878398363152,28.346942901611328,28.483664141790946,35896900
2025-12-23,28.4993839263916,28.743852632244902,28.395956169099556,28.725046933315383,35703900
2025-12-26,28.59341049194336,28.61221619078364,28.320735032399877,28.499383791152102,20178600
2025-12-29,28.89429473876953,28.969515741342757,28.696840279543622,28.73444988412515,20588100
2025-12-30,28.978919982910156,29.110556295384217,28.81907512058726,28.960114283010935,16880600
2026-01-02,28.875490188598633,29.110556055168445,28.546399410129087,29.110556055168445,21625200
2026-01-05,28.39595603942871,28.931905902601525,27.954031083653817,28.86608775005892,48211400
2026-01-06,27.869407653808594,28.612216628676613,27.85060374809068,28.555801324702518,38095000
2026-01-07,28.048057556152344,28.048057556152344,27.76597924943438,27.89761555344808,28132900
2026-01-08,28.39595603942871,28.52759234451392,28.01044818018475,28.123278786426315,34125800
2026-01-09,28.489980697631836,28.90369710152259,28.33953869501886,28.367747243037595,27982800
2026-01-12,28.546398162841797,28.74385262129608,28.40535721433427,28.489981066074723,18947400
2026-01-13,29.279802322387695,29.449050024918744,28.54639800263334,28.54639800263334,54097100
2026-01-14,30.07902717590332,30.586768500010262,29.336219992222194,29.477259149284667,82309300
2026-01-15,29.890975952148438,30.022612261326802,29.561883385792314,29.6182986906673,26456600
2026-01-16,30.126041412353516,30.276483418950697,29.975597612346153,30.04141755946633,70947300
2026-01-19,30.248271942138672,30.285883339082226,30.00380503564603,30.05081748841536,12852900
2026-01-20,30.361106872558594,30.57736703002173,30.032014314926343,30.248272678979315,26300000
2026-01-21,31.433008193969727,31.54583880643662,30.492744720831105,30.55856287700517,93270900
2026-01-22,31.574047088623047,32.09119124772779,31.27315949698474,31.385993688906705,71516300
2026-01-23,32.946834564208984,33.360549221283556,31.85612902572087,31.921947185100443,68642600
2026-01-26,33.24771499633789,33.567404701564996,32.946830989867706,33.25711605230621,39869600
2026-01-27,33.971717834472656,34.272601837193584,33.25711563789529,33.38875194073316,47268200
2026-01-28,35.10943603515625,35.20346094186275,34.31961462363271,34.366627076985964,46054700
2026-01-29,35.447933197021484,36.275366047010216,35.3256979427819,35.73001151795705,58722800
2026-01-30,35.50434494018555,35.711204039081515,34.808552022332286,35.00600647846738,45794700
2026-02-02,35.015411376953125,35.015411376953125,34.43244547341065,34.5828874773009,38505600
2026-02-03,35.33510208129883,36.030895023880106,34.92138386880362,35.26928034009426,57152800
2026-02-04,35.278682708740234,35.42912470717925,34.761538563282386,35.21286455859943,37955800
2026-02-05,34.78974533081055,35.36330657096649,34.695720426806695,35.1658521204663,35933100
2026-02-06,34.460655212402344,35.04361751892918,34.27260181412329,34.9872004233994,27681100
2026-02-09,35.090633392333984,35.21286865115356,34.36663006981891,34.47005962829543,27089800
2026-02-10,35.118839263916016,35.33510301899779,34.70512462726233,35.090632507522955,24585300
2026-02-11,35.805233001708984,36.16253052125753,35.438527252456026,35.476138650351764,55863800
2026-02-12,34.89317321777344,35.777019468562145,34.60169029031227,35.777019468562145,39856000
2026-02-13,34.686317443847656,34.940189000988504,34.347822034326526,34.940189000988504,27507000
2026-02-18,34.9683952331543,35.1564486341667,34.6487055274793,34.85556462727497,32276700
2026-02-19,35.551361083984375,35.95567464019404,35.20346103722331,35.2598781334922,48355000
2026-02-20,35.70180130004883,35.70180130004883,35.212863917321265,35.419719419645155,51949800
2026-02-23,36.284767150878906,36.90534089247704,35.58897061062866,35.70180480860683,55061500
2026-02-24,37.20622634887695,37.290850207215186,36.538640125775714,36.538640125775714,43263600
2026-02-25,37.20622634887695,37.58233318300699,36.69848319884759,37.55412283901385,26012300
2026-02-26,37.24383544921875,37.422484211644615,36.642067421236504,36.952352491430936,29919100
2026-02-27,36.980560302734375,37.86440658499037,36.980560302734375,37.53531225127176,38799000
2026-03-02,38.67303466796875,39.04913787608726,38.099473419756286,38.832877724384566,83817000
2026-03-03,38.503787994384766,39.49106387386739,38.31573459190705,39.20898556356097,93893800
2026-03-04,38.08066940307617,38.71064418757674,37.54471952805258,38.50378866936332,50915600
2026-03-05,38.25931930541992,38.33454210469843,37.59173310251539,38.108877293683406,53107600
2026-03-06,39.64150619506836,40.54415822998573,38.945709676390166,39.3970392806692,87228000
2026-03-09,40.58177185058594,41.62546489235038,40.1210411649454,40.6663957076701,107124400
2026-03-10,40.365509033203125,40.525352093426974,39.519270517840674,39.78254671529805,56706200
2026-03-11,42.123802185058594,42.199024983343875,40.647588843504145,40.66639454307547,73234300
2026-03-12,42.311859130859375,43.33674652883524,41.55964901923047,42.67856133610217,86124400
2026-03-13,42.00156784057617,42.63154623598269,41.64427030144703,41.94515432746132,42520400
2026-03-16,43.1204833984375,43.24271865410335,42.12380282689388,42.199025626325316,40474100
2026-03-17,43.60941696166992,44.4368461610153,43.06406247468212,43.11107492674171,51025600
2026-03-18,44.192378997802734,44.3334199399706,43.76925975811932,43.91030070028717,55074700
2026-03-19,43.98552322387695,45.25488103868277,43.90089936955657,44.38043573964557,84865000
2026-03-20,42.94182586669922,44.42744369499928,42.23662834773098,43.99492341086891,78125700
2026-03-23,43.28032684326172,43.42136780001158,41.672477153051815,41.766502066338035,65252400
2026-03-24,44.44625473022461,45.08563417781904,43.60001617110831,43.628226514292514,57455300
2026-03-25,44.66250991821289,44.70952236918383,43.53419316080981,43.72224655151367,40532900
2026-03-26,45.15144729614258,45.574566528491516,44.681315612826,44.756534817010206,59986800
2026-03-27,46.45841598510742,46.48662274025666,45.25487994113558,45.602776406317375,54170900
2026-03-30,46.702880859375,47.66194994758826,46.53363674905048,46.778103652248284,51454300
2026-03-31,45.76261901855469,47.530315255895594,44.80355348469494,47.078989243837974,78931700
2026-04-01,44.54027557373047,45.19846066104654,43.976118977071074,44.85056421266725,66488400
2026-04-02,45.273685455322266,46.50542824941413,45.085632052514406,46.3549862445319,38536900
2026-04-06,46.0164909362793,46.072908033289664,45.01981399683845,45.1232435479473,27848100
2026-04-07,45.612178802490234,46.59945830356328,45.508752834964326,46.15753333019993,33362800
2026-04-08,43.825679779052734,43.85388653464191,41.86993009027455,42.02977674119411,87580500
2026-04-09,45.03861999511719,45.64978907609915,44.220588223722636,44.70012458444639,58206500
2026-04-10,46.10111618041992,46.10111618041992,44.69072099395646,44.69072099395646,42860900
2026-04-13,46.80630874633789,47.2388326163809,46.30797031509492,46.778101993420755,60941100
2026-04-14,45.019813537597656,46.68408022081308,44.82235549348577,46.646468823189835,58646800
2026-04-15,44.08895492553711,45.226672899298336,43.938512909063064,45.08563552644051,61852100
2026-04-16,45.67799758911133,45.772022494168006,43.96671490515405,44.46505694505104,54484300
2026-04-17,43.45897674560547,43.76926181138234,42.18961896700828,43.722249357394375,105186900
2026-04-20,44.21118927001953,44.64370961008044,43.73165288649156,44.41804838344889,41904500
2026-04-22,44.82235336303711,45.11383630053235,44.42744446722433,44.79414660957052,51063000
2026-04-23,45.54999542236328,45.84559016799903,44.72042776515026,45.159049410350924,38666800
2026-04-24,44.968345642089844,45.31161603924912,44.29134215736897,45.29254505747162,34880200
2026-04-27,45.168582916259766,45.93140395672619,44.97787674678875,45.025556017219735,31543600
2026-04-28,45.31161880493164,45.80745344915728,45.25440585610704,45.435578375342565,29389700
2026-04-29,46.684696197509766,47.00889562821822,45.76931085342166,45.86466212939908,47685000
2026-04-30,46.79911804199219,47.0851754825773,46.04583065976448,46.54166525424027,36666100
2026-05-04,47.04703903198242,47.53333637420405,46.64655565831332,46.98982608219594,41319600
2026-05-05,46.39863967895508,46.751443772172365,46.083977551874284,46.60841685528767,28066500
2026-05-06,45.07323455810547,45.283011721799,44.42483572252354,44.53925797662097,62009100
2026-05-07,44.0720329284668,44.48204995807408,43.09943464689263,44.24366813329859,71214500
2026-05-08,43.54758834838867,44.386693358173474,43.54758834838867,44.23412914161422,32914200
2026-05-11,44.27227020263672,44.34855049065248,43.52852011674864,44.06249304511228,50622200
2026-05-12,43.557125091552734,44.10063533331585,43.29013862540041,44.10063533331585,81072700
2026-05-13,42.49871063232422,43.70015704359685,42.29847077625141,43.64294409725409,57251900
2026-05-14,42.90872573852539,43.26152979834296,42.31753986904934,42.39382015668283,47760000
2026-05-15,43.35688400268555,43.42363061731584,42.88965406285583,43.28060007886939,59380500
2026-05-18,44.28180694580078,44.300877928481846,42.40336061944132,43.004080205513716,57388200
2026-05-19,43.94807434082031,44.14831420511526,43.47131068064106,43.85272306375169,40943000
2026-05-20,42.52731704711914,44.25320280701064,42.470107735826225,43.6429459037658,52780200
2026-05-21,42.861053466796875,43.528523313691366,42.43196544826341,43.00408038136268,57725900
2026-05-22,42.41289138793945,42.67034418037824,41.83123918695751,42.660810508399514,39634300
2026-05-25,41.38308334350586,41.78356303517637,40.97306634255687,41.4689009399235,26720900
2026-05-26,41.42122268676758,41.76449308087795,41.154236219089654,41.344942397752945,36040500
2026-05-27,40.83003616333008,41.182840223977344,40.191174657903474,40.286525927024,53745400
2026-05-28,40.53444290161133,41.17330806797784,40.28652741031939,41.09702413993854,37534800
2026-05-29,40.04814529418945,40.38187838334055,39.87651009479235,40.23885147545488,73281800
2026-06-01,40.40094757080078,41.0207417230308,40.010001553408564,40.42955586104157,73925300
2026-06-02,40.304935455322266,40.702458128113975,40.17889059850309,40.624894622953754,27318300
2026-06-03,39.99467468261719,40.5958057270851,39.99467468261719,40.382503310497846,42895100
2026-06-05,39.6456298828125,40.16919742384789,39.4129356636465,39.781368793760656,34730900
2026-06-08,39.96559143066406,40.06254674463931,39.58746052810918,39.94619962814738,34043600
2026-06-09,39.91710662841797,40.11102093823305,39.46141225375153,39.63593476272432,56680400
2026-06-10,40.382503509521484,40.760634389334385,39.7619769621326,39.955891277028634,44953200
2026-06-11,40.48915481567383,40.8672894122746,39.90741554162481,40.38250545103105,52321500
2026-06-12,39.92680740356445,40.266154697498735,39.57776235917027,39.81046028830243,34082200
2026-06-15,37.87132263183594,38.705147899769486,37.87132263183594,38.62758439283498,54174000
2026-06-16,37.367149353027344,37.599843587766465,37.03749610497344,37.27988809034813,36250100
2026-06-17,37.39623260498047,37.67740817611155,37.10536298249669,37.5319715155657,66882000
2026-06-18,37.66770935058594,37.90040726109324,36.271532983365525,37.13444777482446,53332600
2026-06-19,37.619232177734375,37.91979954542937,37.44470966728023,37.677407580755045,44775800
2026-06-22,37.97797393798828,38.01675754274723,37.308973399632954,37.57075718384368,35488200
2026-06-23,38.13310623168945,38.365800450057776,37.65801634639159,37.77436345557575,27398600
2026-06-24,37.124755859375,37.793756380330514,36.96962514298207,37.71619287143806,59191400
2026-06-25,37.27988815307617,37.49319058551124,36.766014628163624,36.95992895651129,25152300
2026-06-26,36.901756286621094,37.08597285952243,36.77571142168435,36.9114503384125,23383000
2026-06-29,36.97932052612305,37.20232070780441,36.76601439642428,37.03749593384312,14924800
2026-06-30,36.64966583251953,37.01810266964966,36.591494125704465,37.00840491944181,31974300
2026-07-01,36.67875671386719,36.68845076581837,36.261842206411785,36.35879752035614,21094300
2026-07-02,36.8047981262207,37.289582096372,36.504234431836124,36.73692866628818,21888800
2026-07-03,37.08597183227539,37.08597183227539,36.707840946547115,36.911449315999576,10369500
2026-07-06,36.62057876586914,36.86297073252281,36.46544805515511,36.795101277748415,20811400
2026-07-07,37.27018737792969,37.59014654852972,36.766011644583145,36.843578849070866,39823600
2026-07-08,38.44336700439453,38.54032231063853,37.813146417984974,38.44336700439453,40215300
2026-07-09,38.01675796508789,38.76332572125498,37.70649652078574,38.53063148733245,33386500
2026-07-10,38.44336700439453,38.75362842270475,38.14279963726557,38.43366925460542,27316800
2026-07-13,39.422630310058594,39.67471633439466,39.01541357106772,39.277193646928716,43045700
2026-07-14,39.422630310058594,40.052850918810734,38.88936870959569,39.946197858996555,32649500
2026-07-15,39.354759216308594,39.558367577333435,39.00571419820438,39.18023670725649,25608800
2026-07-16,38.676063537597656,39.61654559870285,38.676063537597656,39.15115344333552,20551700
2026-07-17,39.65532684326172,39.85893520563011,39.180236965794286,39.180236965794286,32168300
2026-07-20,39.89772033691406,40.1788922153685,39.23841387278532,39.946197991916,26987600
2026-07-21,40.39219665527344,40.43098025710468,39.87832687613699,39.95589038119162,38631400
2026-07-22,41.284202575683594,41.43933329030518,40.692765570373794,40.81880673321085,38292200
2026-07-23,41.642940521240234,42.16650805575176,41.555679265488315,42.079246799999844,25257900
2026-07-24,40.92546081542969,41.60415909583282,40.86728910762329,41.08059153392685,29151600
2026-07-27,39.76197814941406,40.21767624823556,39.57776157899654,39.94619841843962,32902600
2026-07-28,39.95589065551758,40.49884998905919,39.645629235953194,39.77167409346618,29946800
2026-07-29,40.72185134887695,41.109679984023735,40.47945937656221,40.87698206321407,31465400
2026-07-30,41.53628921508789,41.53628921508789,40.547329507751506,40.721852026611344,25268900
2026-07-31,42.098636627197266,42.22468149036,41.555680967926484,41.69141988274418,24997300
2026-08-03,41.739898681640625,41.77868228653897,41.061200390352134,41.10968174577913,24400900
2026-08-04,41.206634521484375,41.778679713374004,40.498850419418886,41.778679713374004,27216700
2026-08-05,40.65398025512695,41.68172350784668,40.479457746200815,41.235719485808865,32365700
2026-08-06,40.847896575927734,41.177549809172504,40.64428450641772,40.74124351537678,46662600
2026-08-07,39.62623977661133,41.65263687335778,39.58745987082999,41.59446516538173,97926700
2026-08-10,40.94485092163086,41.177548839042295,39.81045828309592,40.062544303234375,74915200
2026-08-11,40.39219665527344,41.20663380069022,39.76197607064327,41.109678494719965,53988900
2026-08-12,40.18859100341797,40.69276676539623,39.897721367286536,40.23706865967186,63890300
2026-08-13,40.62489700317383,40.68306871080032,39.820153860665435,39.89772106897817,37063800
2026-08-14,40.809112548828125,41.16785163173362,40.363112208069076,40.363112208069076,34127900
2026-08-17,41.17755126953125,41.45872315896423,40.45037532028514,41.06120045465401,47636500
2026-08-18,41.303592681884766,41.88533566388527,41.129070157145435,41.49750700921827,36838100
2026-08-19,41.798072814941406,42.63190180179921,41.53628903776921,41.53628903776921,49580800
2026-08-20,42.971248626708984,43.27181600437223,42.14711739892727,42.418595224811504,44893400
2026-08-21,42.95185852050781,43.262119961939106,42.81611960220764,42.99064212533876,52792400
2026-08-24,42.11000061035156,42.63999938964844,41.619998931884766,42.599998474121094,49502500
2026-08-25,41.349998474121094,41.90999984741211,41.0099983215332,41.18000030517578,85920800
2026-08-26,41.45000076293945,42.27000045776367,40.970001220703125,41.13999938964844,74631000
2026-08-27,42.70000076293945,42.88999938964844,41.0,41.45000076293945,43197800
2026-08-28,43.54999923706055,43.599998474121094,42.619998931884766,42.720001220703125,46135600
2026-08-31,45.02000045776367,45.34000015258789,44.33000183105469,44.619998931884766,68431400
2026-09-01,46.869998931884766,46.939998626708984,45.5,45.5,49726600
2026-09-02,48.20000076293945,48.25,46.560001373291016,46.81999969482422,54091600
2026-09-03,47.560001373291016,49.189998626708984,47.45000076293945,48.459999084472656,51488400
2026-09-04,47.11000061035156,47.45000076293945,46.720001220703125,47.31999969482422,28838000
2026-09-08,48.09000015258789,48.5,47.529998779296875,48.099998474121094,34388500
2026-09-09,48.41999816894531,48.95000076293945,48.189998626708984,48.7400016784668,40391600
2026-09-10,49.119998931884766,49.599998474121094,48.540000915527344,48.90999984741211,43955800
2026-09-11,49.0,49.119998931884766,48.09000015258789,48.5,27610000
2026-09-14,48.91999816894531,49.72999954223633,48.61000061035156,49.5099983215332,32098300
2026-09-15,50.43000030517578,50.70000076293945,49.029998779296875,49.060001373291016,46559600
